Symbol,Description,Price,Price - Currency,"Price change %, 1 day","Volume, 1 day","Relative volume, 1 month",Market capitalization,Market capitalization - Currency,"Earnings per share diluted, Trailing 12 months","Earnings per share diluted, Trailing 12 months - Currency","Earnings per share diluted growth %, TTM YoY",Sector,Analyst rating
VIAV,Viavi Solutions Inc.,52.94,USD,12.232351070595708,9330105,1.362781939852103,12971304399.857111,USD,-0.25,USD,-1290.4761904761906,Technology services,Strong buy
PII,Polaris Inc.,68.76,USD,-3.6434977578475256,1716694,0.49852184672655386,3911493132.0000005,USD,-7.8304,USD,-1201.4770009846673,Consumer durables,Neutral
UCTT,"Ultra Clean Holdings, Inc.",123.14,USD,1.5336411609498677,1028771,1.100288608529347,5520163000,USD,-4.292,USD,-794.7232113952734,Producer manufacturing,Strong buy
MIRM,"Mirum Pharmaceuticals, Inc.",107.77,USD,0.5974050219359662,1207237,0.7302857987065365,6571946723,USD,-13.6043,USD,-742.6845887016849,Health technology,Strong buy
TBBB,BBB Foods Inc.,41.69,USD,-0.9738717339667546,552717,0.9664420424834279,5025844620,USD,-1.5476,USD,-733.483422022104,Retail trade,Strong buy
WULF,TeraWulf Inc.,28.31,USD,-2.3119392684610136,20954901,0.5081018477865346,14028529165,USD,-2.5116,USD,-663.172288058341,Technology services,Strong buy
CIFR,Cipher Digital Inc.,28.14,USD,-3.5640849897189826,18875916,0.5208066274461689,11510644079,USD,-2.2256,USD,-502.3274695534506,Technology services,Strong buy
HUT,Hut 8 Corp.,121.04,USD,-2.732240437158463,3833774,0.4706980684944218,13628391170.306011,USD,-2.9097,USD,-418.94060995184594,Miscellaneous,Strong buy
AOSL,Alpha and Omega Semiconductor Limited,49.36,USD,2.747710241465446,720852,1.6129459792816578,1477324036.7427146,USD,-3.5542,USD,-359.55521075769326,Electronic technology,Buy
PTGX,"Protagonist Therapeutics, Inc.",115.03,USD,1.9227361332624506,1193688,0.6163603926862883,7397736910,USD,-1.8038,USD,-337.123701853556,Health technology,Strong buy
CNC,Centene Corporation,63.68,USD,4.359226483120283,4859414,0.48762194923127183,31444992924,USD,-13.1443,USD,-295.7045441010065,Health services,Buy
AXGN,"Axogen, Inc.",44.95,USD,0.24531668153434305,877521,0.9111025042628047,2390343316,USD,-0.6334,USD,-291.47095179233617,Health technology,Strong buy
PK,Park Hotels & Resorts Inc.,14.57,USD,-1.0190217391304373,5246620,1.0913153217763896,2933841825.9999995,USD,-1.0857,USD,-282.9934265969999,Finance,Neutral
OPLN,"OPENLANE, Inc.",38.54,USD,1.234567901234565,827540,0.7923434049042464,4083163020.9999995,USD,-1.0142,USD,-273.8429893726431,Technology services,Buy
BC,Brunswick Corporation,81.52,USD,-2.4530333851860684,822897,0.5249756880652579,5296715633,USD,-2.0817,USD,-271.61582852431985,Producer manufacturing,Buy
PRM,"Perimeter Solutions, SA",37.43,USD,-0.9264160931709937,958409,0.993665438819488,6105845903,USD,-1.3368,USD,-270.61901723037647,Process industries,Strong buy
IVZ,Invesco Ltd,28.78,USD,2.2743425728500375,3656588,0.7588314077930357,12758077341,USD,-1.4859,USD,-219.0338860850757,Finance,Buy
ICHR,Ichor Holdings,99.61,USD,1.0140959334753068,1220574,0.9185289723637505,3473107269.0000005,USD,-1.4759,USD,-203.9332784184514,Producer manufacturing,Strong buy
TH,Target Hospitality Corp.,20.14,USD,-0.09920634920634709,1644401,1.4355083141878295,2005651347.0000002,USD,-0.4371,USD,-199.6580027359781,Consumer services,Strong buy
HLIT,Harmonic Inc.,14.96,USD,-0.795755968169756,2534643,1.711320414377304,1623106690.6153848,USD,-0.3739,USD,-182.94143744454303,Electronic technology,Buy
MIDD,The Middleby Corporation,166.65,USD,-3.2567049808429034,642225,0.688870760863173,7534995585,USD,-6.473,USD,-180.8670123055781,Producer manufacturing,Buy
MEC,"Mayville Engineering Company, Inc.",34.71,USD,-2.7186098654708486,343614,2.7198865917428368,884896897,USD,-0.7976,USD,-173.87921452389773,Producer manufacturing,Strong buy
WERN,"Werner Enterprises, Inc.",40.86,USD,0.41779306955026224,735906,0.6053370909471721,2449561588,USD,-0.1569,USD,-155.09129213483146,Transportation,Neutral
AEHR,Aehr Test Systems,113.33,USD,-1.7085862966175185,1091481,0.7100281542000358,3564597449.59922,USD,-0.3783,USD,-148.74371859296483,Electronic technology,Buy
BRKR,Bruker Corporation,56.53,USD,-1.2231347195526747,2481554,0.7264450408632978,8605314775,USD,-0.2404,USD,-145.78175585602744,Health technology,Buy
DFTX,"Definium Therapeutics, Inc.",36.67,USD,49.79575163398693,20142906,1.4180352850810483,3999478751.5968137,USD,-2.5033,USD,-139.66491144088081,Health technology,Strong buy
RMIX,"Suncrete, Inc.",22.92,USD,-7.729468599033809,840875,3.4196789148477182,1632801643.7149758,USD,-0.13,USD,-135.79295154185021,Non-energy minerals,Strong buy
SYNA,Synaptics Incorporated,143.79,USD,2.0583433884590856,508109,0.9038917269438012,5555712303.999999,USD,-1.2393,USD,-130.03344319503685,Electronic technology,Buy
GTLS,"Chart Industries, Inc.",208.98,USD,0.4759844223279872,930624,0.6969091715864346,10003679251,USD,-1.0436,USD,-121.05857901002885,Consumer services,Neutral
CZR,"Caesars Entertainment, Inc.",29.29,USD,0.23956194387405985,3364010,0.7213636379831271,5966184940,USD,-2.37,USD,-115.9453302961276,Consumer services,Neutral
QUIK,QuickLogic Corporation,21.935,USD,0.15981735159817417,447720,1.1756004439200267,399761105.99999994,USD,-0.8858,USD,-113.44578313253012,Electronic technology,Buy
CDNA,"CareDx, Inc.",25.05,USD,-4.316271963330784,735898,0.7207216498939754,1294069961,USD,-0.1541,USD,-113.3744141642076,Health technology,Buy
CWAN,"Clearwater Analytics Holdings, Inc.",24.53,USD,0.988060930424051,36526079,0.599665356071232,7321917924,USD,-0.1729,USD,-110.38313716070142,Technology services,Neutral
CROX,"Crocs, Inc.",123.8,USD,-0.9996001599360257,1150297,0.5241912468086278,6151578534.000001,USD,-1.3786,USD,-108.44932306127075,Consumer non-durables,Buy
H,Hyatt Hotels Corporation,196.33,USD,-2.8502152506309026,993753,0.7993892133417876,18486748140,USD,-0.3627,USD,-104.70080485244372,Consumer services,Buy
ROIV,Roivant Sciences Ltd.,31.25,USD,-0.5727012408526877,6878141,0.5287602871694032,22477199553.999996,USD,-0.5036,USD,-102.5744167337088,Health technology,Strong buy
JAZZ,Jazz Pharmaceuticals plc,225.92,USD,0.5608475028932569,979965,0.7325927219022677,14191759374.055727,USD,-0.0184,USD,-100.24814230421705,Health technology,Buy
LPTH,"LightPath Technologies, Inc.",14.81,USD,-2.2442244224422434,3252310,1.210771930306491,929911076.5636964,USD,-0.5016,USD,-97.48031496062993,Electronic technology,Strong buy
SNDA,"Sonida Senior Living, Inc.",36.56,USD,1.668520578420471,577232,2.479912633173188,1730979194,USD,-5.8403,USD,-96.1609511973936,Health services,Buy
FLR,Fluor Corporation,54.42,USD,1.4163250093179374,2569571,0.6516694632741742,7600835232,USD,1.2525,USD,-88.00379281281128,Industrial services,Buy
JHX,James Hardie Industries plc.,24.51,USD,-1.447527141133894,6921123,0.839351298616986,14224053408.999998,USD,0.2151,USD,-78.03308823529413,Non-energy minerals,Buy
KNX,Knight-Swift Transportation Holdings Inc.,75.4,USD,1.6857720836142953,4078433,1.038991513391916,12252048096,USD,0.209,USD,-77.5172117039587,Transportation,Buy
RVMD,"Revolution Medicines, Inc.",165.81,USD,1.7301674949383357,3129266,0.7693280723964647,35250619519,USD,-7.073,USD,-76.93115869521715,Health technology,Strong buy
CECO,CECO Environmental Corp.,99.67,USD,1.290650406504061,942206,1.329458923504258,5821029933,USD,0.3733,USD,-71.17151903621901,Producer manufacturing,Strong buy
CGON,"CG Oncology, Inc.",66.25,USD,8.464309102815983,1244075,0.6884993949438089,5843414068.000001,USD,-2.3424,USD,-69.01652355869832,Health technology,Strong buy
CAMT,Camtek Ltd.,195.72,USD,0.28694404591104855,428737,0.7332550792064062,9011824812.000002,USD,0.8348,USD,-68.4206544354076,Electronic technology,Buy
MGM,MGM Resorts International,46.57,USD,-0.5764304013663601,2869605,0.8894916595913833,11914991554,USD,0.725,USD,-67.52519596864501,Consumer services,Buy
PEB,Pebblebrook Hotel Trust,18.72,USD,-1.783840503672612,4848822,1.1180906516015388,2122271949,USD,-0.8003,USD,-66.6597251145356,Finance,Neutral
CARR,Carrier Global Corporation,71.85,USD,0.05570254839157783,4969166,0.686123294225426,59677203658.00001,USD,1.5221,USD,-65.07102370516557,Producer manufacturing,Buy
GM,General Motors Company,80.43,USD,1.4377601210745372,10845612,0.814746520577281,72520929185.00002,USD,2.4792,USD,-64.28849228641805,Consumer durables,Buy
VECO,Veeco Instruments Inc.,77.46,USD,-2.7495291902071712,1356746,1.3044750740182782,4727653724,USD,0.3835,USD,-63.96015412085331,Electronic technology,Neutral
BCAX,Bicara Therapeutics Inc.,24.55,USD,5.682307361170901,831569,0.825112788187359,1613029855.154972,USD,-2.7718,USD,-63.41233345124395,Health technology,Strong buy
LSCC,Lattice Semiconductor Corporation,155.27,USD,1.0083268279989666,2193725,0.6346156429933603,21273210740,USD,0.142,USD,-61.776581426648725,Electronic technology,Buy
CMPS,COMPASS Pathways Plc - American Depository Shares,12.63,USD,0.79808459696729,3294361,0.9796722361520482,1704081231,USD,-3.1575,USD,-61.533739192715,Health technology,Strong buy
ST,Sensata Technologies Holding plc,51.7,USD,2.113371518862335,1657041,0.9327056056624914,7518837231.000002,USD,0.3236,USD,-60.381978452497556,Electronic technology,Buy
CLDX,"Celldex Therapeutics, Inc.",33.41,USD,3.021893308664807,1957840,0.751993041031306,2622420149,USD,-4.267,USD,-58.130744144678346,Health technology,Strong buy
ALKS,Alkermes plc,46.02,USD,2.289397643920874,3227467,0.7781506128889728,7670421143.521226,USD,0.8995,USD,-57.17074564327207,Health technology,Strong buy
LION,Lionsgate Studios Corp,15.21,USD,-1.8076178179470586,2648549,1.0029483240195562,4420537622,USD,-0.7173,USD,-56.20644599303137,Consumer services,Buy
ARWR,"Arrowhead Pharmaceuticals, Inc.",82,USD,0.219995111219759,1510512,0.4930538442334469,11550274767.685165,USD,-2.1484,USD,-55.89579856323924,Health technology,Strong buy
SHOO,"Steven Madden, Ltd.",42.73,USD,-3.3039149128762184,1151306,0.5501815802878014,3122940560,USD,1.0533,USD,-54.591308846352824,Consumer non-durables,Buy
HTLD,"Heartland Express, Inc.",14.69,USD,1.7313019390581719,512598,0.9092737063500858,1138323553,USD,-0.5593,USD,-54.24710424710426,Transportation,Sell
POWI,"Power Integrations, Inc.",87.35,USD,0.27551371828721716,1111272,0.7417759667808809,4867140689,USD,0.2977,USD,-54.178851777743574,Electronic technology,Buy
DOV,Dover Corporation,229.4,USD,2.607684394149489,1164135,0.6550779892414141,30891326051.999996,USD,8.0266,USD,-51.647279233257635,Producer manufacturing,Buy
ONTO,Onto Innovation Inc.,347.87,USD,4.227588686481308,1234313,0.868183262628903,17304293577,USD,2.1541,USD,-51.202881478796655,Electronic technology,Strong buy
ESI,Element Solutions Inc.,49.09,USD,6.787035022840994,4738817,0.8350214471196122,11958677890.000002,USD,0.6127,USD,-48.03663811381562,Process industries,Strong buy
CVS,CVS Health Corporation,101.3,USD,3.0309194467046425,9810553,0.8365911497360548,129251433923.00002,USD,2.2772,USD,-45.60221680760594,Retail trade,Buy
CRI,"Carter's, Inc.",41.57,USD,-2.280206864127877,1333742,0.5261601717728107,1531859341,USD,2.4792,USD,-45.124947431328714,Retail trade,Neutral
GNRC,Generac Holdings Inc.,295.54,USD,5.871395307182534,1251320,0.6615109734564382,17398049908,USD,3.1902,USD,-44.436122964382136,Producer manufacturing,Buy
TEX,Terex Corporation,68.94,USD,3.1727027835977326,1760321,0.6513648885331595,7872948068,USD,2.0569,USD,-43.92006107203228,Producer manufacturing,Buy
DNTH,"Dianthus Therapeutics, Inc.",87.37,USD,5.915868590132149,1021052,1.1703744918413033,4776188933.000001,USD,-4.1386,USD,-43.402633402633406,Health technology,Strong buy
GKOS,Glaukos Corporation,131.19,USD,0.3902662993572015,806569,0.8759625160812086,7705301745,USD,-3.2916,USD,-42.48117046143191,Health technology,Strong buy
ASC,Ardmore Shipping Corporation,17.56,USD,2.8705330990040916,684523,0.642286930741742,716493850,USD,1.3243,USD,-41.97011524473072,Transportation,Strong buy
ACLS,"Axcelis Technologies, Inc.",183.92,USD,-1.9250253292806556,503872,0.6783258377727581,5652578143,USD,3.2098,USD,-41.20276236009599,Producer manufacturing,Neutral
WTTR,"Select Water Solutions, Inc.",18.48,USD,4.406779661016956,1525696,0.7752282121967494,2597826887,USD,0.203,USD,-41.09112013929193,Energy minerals,Strong buy
NUVL,"Nuvalent, Inc.",123.42,USD,-0.00810175808150783,2094308,8.564290189675274,9749923370.000002,USD,-6.0582,USD,-37.65820627598901,Health technology,Neutral
SBLK,Star Bulk Carriers Corp.,26.52,USD,2.7508717551336725,1051226,0.6857937807827527,3019234231,USD,1.2576,USD,-36.39490188144851,Transportation,Strong buy
SRRK,Scholar Rock Holding Corporation,49.19,USD,3.929854215085568,2140287,0.511737452917151,5894356204.444116,USD,-3.5865,USD,-35.58521094813247,Health technology,Strong buy
GIII,"G-III Apparel Group, LTD.",34.15,USD,-1.7831463905665934,751713,1.145540483723494,1440808189,USD,2.825,USD,-34.662441890047866,Consumer non-durables,Buy
MOD,Modine Manufacturing Company,295.58,USD,-0.6019437064936007,1350961,0.8048953477452271,15611288860,USD,2.2384,USD,-34.42891876849167,Producer manufacturing,Strong buy
MRTN,"Marten Transport, Ltd.",16.92,USD,0.41543026706231617,891699,0.7870870105842458,1380488157,USD,0.1777,USD,-33.01922352054278,Transportation,Neutral
OUT,OUTFRONT Media Inc.,31.26,USD,0.25657472738935805,1595956,0.9115637493996521,5503745749,USD,1.0362,USD,-32.18586387434555,Finance,Strong buy
CBT,Cabot Corporation,90.7,USD,-1.1982570806100157,848537,0.9583251480429971,4682062455,USD,5.2898,USD,-31.571458139294222,Process industries,Neutral
NOVT,Novanta Inc.,155.66,USD,0.23180940115903748,536981,0.8361544299700557,5543341982.263876,USD,1.3845,USD,-29.174340085942298,Electronic technology,Buy
ZD,"Ziff Davis, Inc.",45.32,USD,-1.5424723006734757,765224,0.6062026619981752,1669380266.956333,USD,1.1368,USD,-28.941117639704967,Technology services,Buy
CYTK,"Cytokinetics, Incorporated",79.17,USD,0.49504950495049577,2888382,0.6954565356477334,9851325846.999998,USD,-6.843,USD,-28.9040424970802,Health technology,Strong buy
LSTR,"Landstar System, Inc.",209.02,USD,0.7810993249758942,484195,0.7001182942368107,7091674853,USD,3.6204,USD,-28.20655191560244,Transportation,Neutral
AVT,"Avnet, Inc.",92.45,USD,1.0713895266207543,1793204,1.1082615717319033,7583125795,USD,2.5674,USD,-28.015476924802336,Distribution services,Neutral
UTI,Universal Technical Institute Inc,40.02,USD,-0.8178438661709994,586387,1.158113947924122,2203556544.9999995,USD,0.7661,USD,-26.12343297974927,Commercial services,Strong buy
AAON,"AAON, Inc.",136.16,USD,-0.40959625511995484,540341,0.6675524096182898,11153098893.508484,USD,1.4216,USD,-25.31259850793317,Producer manufacturing,Buy
NPKI,NPK International Inc.,15.32,USD,-3.6477987421383653,1286839,0.9883949587108265,1293728577,USD,0.4143,USD,-24.877606527651857,Producer manufacturing,Strong buy
APGE,"Apogee Therapeutics, Inc.",132.55,USD,46.65855277716311,61663544,4.402057840072512,9992861866,USD,-4.3278,USD,-22.17140921409213,Health technology,Buy
RPRX,Royalty Pharma plc,53.57,USD,1.1518126888217513,4091976,0.7438604932553815,30850009753.999996,USD,1.9094,USD,-22.13205007952368,Health technology,Strong buy
SNDR,"Schneider National, Inc.",35.47,USD,-0.5885650224215271,1246518,0.805889876066822,6211659236,USD,0.5568,USD,-21.367038553876572,Transportation,Buy
DSGN,"Design Therapeutics, Inc.",13.7,USD,10.12861736334405,823778,1.4146449465249833,855660531.9999999,USD,-1.1935,USD,-20.33676144383948,Health technology,Strong buy
NESR,National Energy Services Reunited Corp,25.06,USD,2.118989405052973,1401505,1.057069927309275,2527232270,USD,0.6396,USD,-20.000000000000007,Industrial services,Strong buy
CGEM,"Cullinan Therapeutics, Inc.",17.3,USD,15.103127079174994,1497017,1.14833804423397,1063224175.7950766,USD,-3.7143,USD,-19.99418491955805,Health technology,Strong buy
KNF,Knife Riv Holding Co.,87.49,USD,1.449443413729128,448272,0.689805248861581,4965394798.000001,USD,2.5719,USD,-18.918663303909213,Non-energy minerals,Buy
RHP,"Ryman Hospitality Properties, Inc. (REIT)",125.16,USD,0.007990411506185301,413908,0.6906926803704471,7898756715,USD,3.7747,USD,-18.57500323568747,Finance,Strong buy
TPR,"Tapestry, Inc.",149.2,USD,3.9721254355400615,2991933,0.7274198713960935,30145072131.000004,USD,3.1126,USD,-18.09809493737501,Retail trade,Buy
TGT,Target Corporation,129.73,USD,-0.7725256233746514,3942716,0.4576770073532053,58922213560.99999,USD,7.5781,USD,-16.704953890458228,Retail trade,Neutral
ACMR,"ACM Research, Inc.",103.17,USD,-6.098115955219808,2044623,0.8323997752720219,7130026406.9797945,USD,1.3153,USD,-15.901534526854228,Producer manufacturing,Strong buy
KYMR,"Kymera Therapeutics, Inc.",99.45,USD,9.974565962623018,2891279,0.808395736314761,8180516718.770318,USD,-3.5708,USD,-15.209395366845197,Health technology,Strong buy
ENTG,"Entegris, Inc.",184,USD,2.9255467919673266,3854747,0.9201660901166927,28060000000,USD,1.735,USD,-15.096647908000968,Producer manufacturing,Buy
NVT,nVent Electric plc,184.34,USD,4.135125974466158,2790242,0.6871320371184493,29811548816.999996,USD,2.9736,USD,-15.083671254783255,Electronic technology,Buy
ENS,EnerSys,232.94,USD,2.189076551875415,514407,0.8703896204616902,8506450056,USD,7.7154,USD,-14.410276890308843,Producer manufacturing,Buy
CNO,"CNO Financial Group, Inc.",51.46,USD,1.239425536100733,610211,0.9088644201353994,4803713885.000001,USD,2.496,USD,-12.806539509536785,Finance,Neutral
NTRS,Northern Trust Corporation,175.56,USD,2.004531985358194,1316334,0.779525657425533,32486898572.999996,USD,9.5532,USD,-10.832757751684747,Finance,Neutral
ODFL,"Old Dominion Freight Line, Inc.",219.52,USD,-0.6876583423814612,1910577,0.7376144598591923,45653194775.59465,USD,4.7824,USD,-10.34793041391721,Transportation,Neutral
APLE,"Apple Hospitality REIT, Inc.",16.61,USD,0.12055455093429521,2403708,0.7554332636193095,3921082160.9999995,USD,0.725,USD,-8.632640201638313,Finance,Neutral
ELV,"Elevance Health, Inc.",394.82,USD,1.6267696267696248,1172120,0.7010740167550128,85740048030,USD,23.5042,USD,-8.294186500195076,Health services,Buy
ATEN,"A10 Networks, Inc.",33.77,USD,1.5333734215273758,1266807,1.2115565538420445,2431378198,USD,0.6118,USD,-8.096740273396417,Technology services,Buy
BIIB,Biogen Inc.,199.71,USD,1.5922270831213732,1675111,0.48335754688863547,29484608606.75048,USD,9.3181,USD,-7.97665369649806,Health technology,Buy
DNLI,Denali Therapeutics Inc.,24.05,USD,3.1746031746031833,1612585,0.7754430168117357,3816968934.9999995,USD,-2.8808,USD,-7.878969442780106,Health technology,Strong buy
EWTX,"Edgewise Therapeutics, Inc.",36.5,USD,-0.8421624558543936,1158464,1.410629508755571,3927144863,USD,-1.6609,USD,-7.279421263402662,Health technology,Strong buy
TKR,Timken Company (The),141.97,USD,-0.27395335768475326,1020334,1.0958242537878748,9866135220,USD,4.3947,USD,-5.161958609378696,Producer manufacturing,Buy
YETI,"YETI Holdings, Inc.",47.94,USD,-2.1033285685113357,1175168,0.6191761880917539,3631853933,USD,1.9694,USD,-4.993004968884178,Producer manufacturing,Buy
CMI,Cummins Inc.,724.93,USD,1.1257428228663806,1079422,0.8756469307778821,100032407855,USD,19.2657,USD,-4.155514651012388,Producer manufacturing,Buy
JNJ,Johnson & Johnson,231.29,USD,1.2697578703095607,8518348,0.7115012800193682,556765213255,USD,8.6488,USD,-3.8584243933347526,Health technology,Buy
XMTR,"Xometry, Inc.",91.56,USD,-1.8439108061749558,534614,0.7449096567510378,5058310528.000001,USD,-1.019,USD,-3.3154212714184275,Technology services,Buy
ON,ON Semiconductor Corporation,131.55,USD,8.16477553034041,12044310,0.9498553362310084,51554866893.46201,USD,1.4029,USD,-2.6912672539363216,Electronic technology,Buy
CSX,CSX Corporation,46.2,USD,1.2491781722550959,8668758,0.606710514142104,85846019338,USD,1.6349,USD,-2.5801453938743832,Transportation,Buy
MSM,"MSC Industrial Direct Company, Inc.",117.41,USD,-0.9281917137794351,694541,0.872031312312533,6555506828,USD,3.7166,USD,-2.1561142556272235,Distribution services,Neutral
AAMI,Acadian Asset Management Inc.,73.89,USD,-1.6766467065868331,718648,1.4440941729340018,2632626061.9999995,USD,2.3512,USD,-2.151566856714797,Finance,Neutral
CAT,"Caterpillar, Inc.",1022.28,USD,3.6984439349982674,4033499,0.8118082543892683,470900030313.99994,USD,20.1006,USD,-2.04958774340682,Producer manufacturing,Buy
IMVT,"Immunovant, Inc.",38.1,USD,7.809847198641759,2808164,0.72069453223481,7822269899,USD,-2.7697,USD,-1.2206263933048231,Health technology,Buy
VCTR,"Victory Capital Holdings, Inc. Class A Common Stock",87.19,USD,0.20687277324444617,414623,0.6667510602786852,5452087201,USD,4.4528,USD,-0.978473581213318,Finance,Buy
GH,"Guardant Health, Inc.",128.83,USD,-2.238579450599475,1444663,0.6661221125464578,17082847233.999998,USD,-3.4003,USD,-0.6303640130216069,Health technology,Strong buy
HXL,Hexcel Corporation,99.16,USD,1.5671412475673472,1496506,0.5786299918300306,7479359947,USD,1.507,USD,-0.5543090933087096,Electronic technology,Buy
MBX,"MBX Biosciences, Inc.",43.91,USD,2.045084824541007,660993,0.7968733876222115,2090007719.0000002,USD,-2.2091,USD,-0.4273309996817681,Health technology,Strong buy
ORA,"Ormat Technologies, Inc.",129.55,USD,1.464598997493738,800486,0.9039689209849128,7961308374.999999,USD,2.0677,USD,0.15015015015014435,Utilities,Buy
STNG,Scorpio Tankers Inc.,82.45,USD,2.320675105485238,1007711,0.4412497734137693,4267841934,USD,10.1765,USD,0.2235616222498019,Transportation,Strong buy
CNTA,Centessa Pharmaceuticals plc,40.18,USD,0.3998000999500165,3758569,0.815090538471248,6192253290,USD,-1.7747,USD,1.5696062118691068,Health technology,Neutral
AIP,"Arteris, Inc.",44.5,USD,0.8841532532305612,1162130,0.9314223559901088,2054653191,USD,-0.798,USD,2.157920549288861,Electronic technology,Buy
EXPD,"Expeditors International of Washington, Inc.",163.15,USD,1.1343912720059588,1471983,0.8327110276287455,21338573317,USD,6.1898,USD,2.7676777739037974,Transportation,Neutral
DVA,DaVita Inc.,209.68,USD,0.8513299023616037,783121,0.6270171307722162,13461454890,USD,10.4184,USD,3.1228657118253187,Health services,Neutral
ARMK,Aramark,53.55,USD,0.41252578286142666,1578235,0.6340674570858642,14081162522,USD,1.3407,USD,3.178390026165914,Consumer services,Buy
AES,The AES Corporation,14.65,USD,0.2051983584131405,4200352,0.5603521291181308,10447760250,USD,1.9326,USD,5.508543975541846,Utilities,Neutral
AVBP,"ArriVent BioPharma, Inc.",32.7,USD,3.0245746691871593,749170,1.0617868616115056,1523000143.8279777,USD,-3.53,USD,6.28401518570633,Health technology,Strong buy
WCC,"WESCO International, Inc.",369.72,USD,1.1933435515655828,393909,0.6218446831387008,18007172436,USD,14.069,USD,6.428528201404019,Distribution services,Buy
FTNT,"Fortinet, Inc.",145.39,USD,0.45602155738271033,5607486,0.7940699416961657,106519744310.19443,USD,2.5882,USD,6.532208273307267,Technology services,Neutral
MRNA,"Moderna, Inc.",59.345,USD,-7.215447154471548,8363486,0.576054752157147,23547280780.000004,USD,-8.1462,USD,6.610262759664318,Health technology,Neutral
CAKE,The Cheesecake Factory Incorporated,76.91,USD,-0.36274128773157294,973672,0.8004489625624485,3821301509,USD,3.4134,USD,7.157656809191945,Consumer services,Neutral
IEX,IDEX Corporation,225.36,USD,0.19117058640466225,687247,0.7186332386884636,16680032342.999998,USD,6.7707,USD,7.234831086966842,Producer manufacturing,Buy
POWL,"Powell Industries, Inc.",307.8,USD,3.5666218034993347,856315,0.6122987506867263,11213660888.000002,USD,5.1169,USD,7.9150497722287865,Producer manufacturing,Buy
MAR,Marriott International,384.19,USD,-3.0312973245835413,1607239,0.7358915791814457,101306535077,USD,9.5298,USD,8.54233581630561,Consumer services,Buy
AMBQ,"Ambiq Micro, Inc.",88.56,USD,-2.122015915119365,662387,1.6037565363229458,1893036669.0000002,USD,-2.0412,USD,8.980647462766434,Electronic technology,Buy
SANM,Sanmina Corporation,253.45,USD,4.952586028406965,1107736,1.2630727777644544,13584345621.784336,USD,4.7224,USD,9.26675767602212,Electronic technology,Buy
ATI,ATI Inc.,204.09,USD,1.3658488129532136,1584572,0.750001010132625,27852249245.999996,USD,3.0324,USD,9.706595275134763,Non-energy minerals,Strong buy
RMBS,"Rambus, Inc.",140.35,USD,-0.5808599560813157,2404080,0.9758095898567594,15177024472.999998,USD,2.1038,USD,10.152363998115096,Electronic technology,Buy
DYN,"Dyne Therapeutics, Inc.",20.87,USD,5.404040404040406,2560455,0.6002728267979605,3450099082.0000005,USD,-3.2261,USD,10.1665181554912,Health technology,Strong buy
FLEX,Flex Ltd.,155.81,USD,5.555179188401862,7478704,1.7144300091681415,57085344330,USD,2.3317,USD,10.433835369896748,Electronic technology,Buy
NXT,Nextpower Inc.,129.07,USD,2.517871326449553,1711678,0.7776888261905437,19395927601,USD,3.8341,USD,10.674595156308623,Electronic technology,Buy
STT,State Street Corporation,173.71,USD,3.208365516012124,3209639,0.869719201354749,48077202433,USD,9.8599,USD,10.73438079087162,Finance,Buy
WAB,Westinghouse Air Brake Technologies Corporation,276.75,USD,1.0663550377971793,912290,0.6003825833600919,46958203194,USD,7.0647,USD,10.73544625223361,Producer manufacturing,Buy
TXN,Texas Instruments Incorporated,332.28,USD,2.9176732949265807,8954612,0.8988082011202955,302405645928,USD,5.8453,USD,10.750487883438492,Electronic technology,Buy
CON,"Concentra Group Holdings Parent, Inc.",28.49,USD,-0.24509803921568726,660776,0.7295706961106744,3645631207,USD,1.3645,USD,10.754870129870135,Health services,Strong buy
CPRX,"Catalyst Pharmaceuticals, Inc.",31.38,USD,0,2097512,0.789126298179244,3841532257,USD,1.7396,USD,11.014677728142955,Health technology,Neutral
FCEL,"FuelCell Energy, Inc.",24.39,USD,1.4559068219634004,11379206,2.0313687812082013,1648963214,USD,-6.5732,USD,11.378957018821122,Electronic technology,Neutral
URGN,UroGen Pharma Ltd.,34.99,USD,4.229967232648202,643467,0.5015404230939153,1704772321,USD,-2.755,USD,13.32389491898695,Health technology,Strong buy
ROST,"Ross Stores, Inc.",236.97,USD,1.7912371134020566,3221664,0.793856900655284,76015489814,USD,7.1753,USD,13.472182686529393,Retail trade,Buy
ARM,Arm Holdings plc,407.72,USD,-7.222500341327982,9416922,1.592419620520471,433814081299,USD,0.8464,USD,13.595490538182803,Electronic technology,Buy
ELVN,"Enliven Therapeutics, Inc.",45.96,USD,1.9068736141906861,2517236,1.9035868519609662,3283303155.17694,USD,-1.6638,USD,13.788279185450023,Health technology,Strong buy
NXPI,NXP Semiconductors N.V.,323.24,USD,3.1825581766527367,4074005,1.0920721681459655,81608750919,USD,10.4507,USD,13.848248815294934,Electronic technology,Buy
LIND,Lindblad Expeditions Holdings Inc.,25.55,USD,-0.7766990291262109,647911,0.9165016805721771,1675347215.085437,USD,-0.5284,USD,15.428937259923181,Consumer services,Strong buy
BKD,Brookdale Senior Living Inc.,13.99,USD,2.4908424908424895,2948813,0.9137563581179815,3340669175.9999995,USD,-0.8634,USD,16.692396758008496,Health services,Strong buy
LEA,Lear Corporation,140.71,USD,0.6869409660107392,1008103,0.8663812932563364,7048881377,USD,9.9905,USD,17.132908127374215,Producer manufacturing,Buy
JBHT,"J.B. Hunt Transport Services, Inc.",273.48,USD,0.8332718826045242,1114133,0.6716045823455233,25788945869.3996,USD,6.4597,USD,17.295540383497958,Transportation,Buy
WST,"West Pharmaceutical Services, Inc.",329.71,USD,0.5366671748742159,842928,0.6578406574697079,23293216505,USD,7.4805,USD,17.468318650774957,Health technology,Strong buy
LNTH,"Lantheus Holdings, Inc.",106.2,USD,2.253032928942811,630400,0.5103550729538606,6914265402.000001,USD,4.1465,USD,17.671263976389113,Health technology,Buy
GL,Globe Life Inc.,172.05,USD,0.7554462403373275,900461,0.8460707521295556,13358781218.000002,USD,14.4673,USD,17.71986069522197,Finance,Buy
PWR,"Quanta Services, Inc.",740.14,USD,5.3955144179423264,1254413,0.8011587605430592,111065521728.00002,USD,7.289,USD,17.851541657908776,Industrial services,Buy
FDX,FedEx Corporation,328.78,USD,0.7909258123850351,2347368,0.6484260683097063,78449127134,USD,18.7864,USD,17.954642489388956,Transportation,Buy
CHRW,"C.H. Robinson Worldwide, Inc.",187.07,USD,1.0970600951145704,1459327,0.4865943765986389,22050510315,USD,4.9402,USD,18.025658790644343,Transportation,Buy
BW,"Babcock & Wilcox Enterprises, Inc.",17.76,USD,2.1864211737629606,1635504,0.5208488366180383,2643390239,USD,-1.203,USD,18.17439804108284,Electronic technology,Strong buy
TSEM,Tower Semiconductor Ltd.,316.85,USD,10.500802120387812,3020500,0.7139239025775114,35410086462,USD,2.153,USD,19.213732004429676,Electronic technology,Buy
BWXT,"BWX Technologies, Inc.",210,USD,2.239532619279452,1105901,0.6822541857762132,19239075851,USD,3.7503,USD,19.235049120910563,Electronic technology,Buy
BURL,"Burlington Stores, Inc.",340.27,USD,0.9853093930850255,532031,0.6374809090348377,21417344199,USD,9.7372,USD,19.51444036674727,Retail trade,Buy
WT,"WisdomTree, Inc.",18.66,USD,1.9115237575095656,2613668,0.6943210021353529,2853884055,USD,0.4066,USD,20.724465558194783,Miscellaneous,Buy
ROK,"Rockwell Automation, Inc.",478.08,USD,0.9054644462736579,945671,0.542016751388835,53197851533,USD,9.624,USD,21.16633932618221,Producer manufacturing,Buy
SPXC,"SPX Technologies, Inc.",246.41,USD,1.415812651767707,499203,1.0698248672980604,12336477016,USD,5.2486,USD,21.343690756924204,Producer manufacturing,Strong buy
DAL,"Delta Air Lines, Inc.",85.92,USD,2.066999287241619,7497329,0.6035477761218092,56448951092.00001,USD,6.8485,USD,21.407931358471153,Transportation,Strong buy
MITK,"Mitek Systems, Inc.",17.31,USD,0.3187481889307431,1138138,1.0736073250764846,781699697,USD,0.3457,USD,22.241867043847247,Technology services,Strong buy
SYRE,"Spyre Therapeutics, Inc.",100.32,USD,13.561240661082172,2805256,1.181071150461915,8711913929,USD,-2.3577,USD,22.313750041187518,Health technology,Strong buy
RRX,Regal Rexnord Corporation,231.28,USD,1.984301966663727,616377,0.6991646817411505,15396210634.999998,USD,4.3022,USD,22.566308652175152,Producer manufacturing,Buy
VSXY,Victorias Secret & Co.,80.57,USD,-1.7199316906562707,1195151,0.9054173029582808,6404648026.000001,USD,2.442,USD,22.596515889351885,Retail trade,Buy
M,Macy's Inc,24.66,USD,2.154101077050537,6502594,0.812874251487339,6486516149.000001,USD,2.4307,USD,22.90539515598927,Retail trade,Neutral
DTM,"DT Midstream, Inc.",145.04,USD,1.2142358688066857,697317,0.6339512676068209,14796126464.999998,USD,4.5117,USD,23.385111852540614,Industrial services,Buy
STLD,"Steel Dynamics, Inc.",250.98,USD,0.4281541354887733,1510799,0.7642887951587884,36194523865.00001,USD,9.3356,USD,23.396999537373596,Non-energy minerals,Buy
CGNX,Cognex Corporation,67.6,USD,2.2692889561270806,1631598,0.7338680558801265,11249954488.000002,USD,0.8451,USD,23.58876864580287,Electronic technology,Buy
RCUS,"Arcus Biosciences, Inc.",27.23,USD,12.011517893870844,3580815,0.761119545929186,3424803167,USD,-3.1828,USD,24.050874555563507,Health technology,Strong buy
VOYA,"Voya Financial, Inc.",92.36,USD,2.3946784922394637,1401246,1.0556230703546494,8373940740,USD,6.6132,USD,24.73970122227253,Finance,Buy
ZION,Zions Bancorporation N.A.,67.12,USD,1.4356959347136207,1207824,0.7639510594606428,9872802157.666616,USD,6.4317,USD,25.266827672172017,Finance,Neutral
FORM,"FormFactor, Inc.",156.66,USD,4.754262788365085,1210926,0.8263197287765096,12212394978.95767,USD,0.8697,USD,25.697355109119822,Electronic technology,Buy
CSCO,"Cisco Systems, Inc.",121.53,USD,1.6647147398360338,20174065,0.821452645616586,479002576668.82916,USD,3.0674,USD,25.71311475409837,Electronic technology,Buy
FROG,JFrog Ltd.,79.89,USD,-3.421179883945839,1572685,0.7882708858914173,9676255003,USD,-0.525,USD,25.920699873006907,Technology services,Strong buy
GE,GE Aerospace,355.12,USD,-0.7046191701151946,5426729,0.6824133528111604,370509929876,USD,8.114,USD,26.528193612774466,Electronic technology,Buy
GS,"Goldman Sachs Group, Inc. (The)",1106.37,USD,0.8946158896913936,1894803,0.8628090304987536,326387353147,USD,54.7214,USD,26.993564617230493,Finance,Neutral
NSA,National Storage Affiliates Trust,44.74,USD,0.6524184476940362,775724,0.4087227672556684,6016172330.999999,USD,0.7551,USD,27.24974721941354,Finance,Neutral
C,"Citigroup, Inc.",145.67,USD,1.8244093387389804,14979417,0.7355054578726434,249810568117.00003,USD,8.07,USD,27.480096044483766,Finance,Strong buy
TRVI,"Trevi Therapeutics, Inc.",17.71,USD,2.905287623474724,2461136,0.6078753958799566,2514460459.9999995,USD,-0.3235,USD,27.88675880517164,Health technology,Strong buy
IBKR,"Interactive Brokers Group, Inc.",96.82,USD,0.8541666666666595,4202950,0.6984453794811306,164227256974.29996,USD,2.326,USD,28.423144876325097,Finance,Buy
KLAC,KLA Corporation,269.16,USD,3.698566805362931,11719841,0.9912455846380994,351597047977.17566,USD,3.5373,USD,28.554295682512006,Electronic technology,Buy
AAPL,Apple Inc.,297.01,USD,-0.3355592094225026,44879914,0.7801453214169396,4362291881253.0005,USD,8.2665,USD,29.004822172630675,Electronic technology,Buy
AMAT,"Applied Materials, Inc.",640.18,USD,3.7383934792824514,10737315,1.0021639345264528,508276924066.305,USD,10.643,USD,29.538345443701996,Producer manufacturing,Strong buy
MS,Morgan Stanley,227.09,USD,1.7565084912846782,6870811,0.7739083867854527,358185624915,USD,11.0411,USD,29.550841292563295,Finance,Buy
VSTS,Vestis Corporation,13.11,USD,1.7857142857142752,1500303,0.4596268141878398,1731897449.0000002,USD,-0.1292,USD,29.858849077090117,Consumer non-durables,Neutral
RLAY,"Relay Therapeutics, Inc.",17.28,USD,8.81612090680101,4414522,1.2339393289372875,3766008928.9999995,USD,-1.5651,USD,29.88217373773577,Health technology,Strong buy
RL,Ralph Lauren Corporation,410.92,USD,-0.506041015956024,628243,0.8299316173741322,24464152093,USD,15.1104,USD,30.138661613986734,Consumer non-durables,Buy
ZGN,Ermenegildo Zegna N.V.,13.52,USD,-2.5234318673395792,1305221,1.5618371534736541,5722927269,USD,0.4272,USD,30.243902439024396,Consumer non-durables,Buy
MEI,"Methode Electronics, Inc.",13.94,USD,-0.5706134094151218,1095020,0.9616425980904363,493900091.99999994,USD,-1.8072,USD,30.33153430994603,Electronic technology,Buy
STRL,"Sterling Infrastructure, Inc.",932.75,USD,8.22272242075463,651854,0.8620201953591685,28622322791.999996,USD,11.1853,USD,30.73659357613726,Industrial services,Strong buy
EIX,Edison International,72.2,USD,0.43121435526499136,2674965,0.5563925269084121,27782121677,USD,9.2162,USD,30.755916236308956,Utilities,Neutral
CASY,"Caseys General Stores, Inc.",831.67,USD,-1.2561590976550954,378227,1.1680666197413188,30737715974,USD,19.1623,USD,30.86142373251747,Retail trade,Buy
BNY,The Bank of New York Mellon Corporation,146.44,USD,1.9564157905730017,3822449,0.7186033830566394,100513355521.00002,USD,8.0713,USD,31.533660349070292,Finance,Buy
FSLR,"First Solar, Inc.",263.11,USD,2.0993403181994665,2081758,0.771518122296821,28272052373,USD,15.4786,USD,31.587180141120463,Electronic technology,Buy
TNGX,"Tango Therapeutics, Inc.",28.5,USD,1.894887379335006,6313893,1.5339542808248858,4640217566.999999,USD,-0.8198,USD,32.404353562005284,Health technology,Strong buy
BE,Bloom Energy Corporation,345.85,USD,5.150345079200997,11308346,0.6487257814466033,98374917003.00002,USD,-0.0564,USD,32.85714285714286,Electronic technology,Buy
BWA,BorgWarner Inc.,72.34,USD,0.6959910913140311,4210558,0.8952689336305385,14838014331,USD,1.6528,USD,32.893784674760795,Producer manufacturing,Buy
DY,"Dycom Industries, Inc.",468.01,USD,2.487682032190959,915788,0.8541693712546611,14055022012.999998,USD,10.511,USD,33.28514728446253,Industrial services,Strong buy
GTX,Garrett Motion Inc.,34.49,USD,0.4953379953380003,2158499,0.7171702266610989,6456131922.999999,USD,1.7217,USD,33.289463497716184,Producer manufacturing,Buy
BAP,Credicorp Ltd.,380.57,USD,-0.5721601003239621,431697,1.3276537172826033,30267911047.000004,USD,26.0279,USD,34.10360248959235,Finance,Buy
CFG,"Citizens Financial Group, Inc.",67.99,USD,1.3565891472868166,3630450,0.7344040900499407,28751741346.999996,USD,4.2227,USD,34.463762578015526,Finance,Strong buy
CRS,Carpenter Technology Corporation,587.77,USD,0.22166521731716107,1350977,0.6853429462777789,29203712974,USD,9.5009,USD,34.63277076336635,Non-energy minerals,Buy
WWD,"Woodward, Inc.",426.82,USD,-0.7579985119047599,1221481,1.0909057952476993,25431156332,USD,8.3517,USD,34.92245557350564,Producer manufacturing,Strong buy
SWBI,"Smith & Wesson Brands, Inc.",16.45,USD,2.3009950248756286,2094572,1.1963115927763628,735760269.9999999,USD,0.4076,USD,35.10109380178985,Electronic technology,Strong buy
AXSM,"Axsome Therapeutics, Inc.",247.85,USD,-1.0578842315369283,814132,0.8010037135028396,12754303413,USD,-3.7392,USD,35.18236028290112,Health technology,Strong buy
COHU,"Cohu, Inc.",70.07,USD,0.9654178674351404,898017,1.3867385036219158,3305576592.7622476,USD,-1.1864,USD,35.48667754214247,Electronic technology,Strong buy
COCO,"The Vita Coco Company, Inc.",82.88,USD,-1.3568198048083797,763437,0.6553692305757349,4733495794.000001,USD,1.3804,USD,35.59921414538311,Consumer non-durables,Buy
MNST,Monster Beverage Corporation,93.02,USD,1.8392818042478571,4873301,0.7519410970394674,90974311823,USD,2.0606,USD,36.0401399617086,Consumer non-durables,Buy
SCCO,Southern Copper Corporation,189.91,USD,-1.565334577307837,1218266,0.6416967881956722,158447326821,USD,5.9039,USD,36.79417966125258,Non-energy minerals,Sell
EXEL,"Exelixis, Inc.",51.35,USD,-1.0787902138316225,3504387,0.6921701632878332,12907082565,USD,3.0171,USD,36.87959350331185,Health technology,Buy
AMKR,"Amkor Technology, Inc.",93.55,USD,3.4158744196329907,7234410,1.3158779090536916,23188473339.87011,USD,1.753,USD,37.40398181533154,Electronic technology,Buy
WBS,Webster Financial Corporation,76.13,USD,0.6744247553557139,2603370,1.0877634860493406,12335077344,USD,6.1053,USD,37.43556265898294,Finance,Neutral
MLI,"Mueller Industries, Inc.",139.51,USD,1.5430526239173192,523024,0.6355050171843286,15425705200,USD,7.6324,USD,39.06927590102401,Producer manufacturing,Buy
BGC,"BGC Group, Inc.",12.08,USD,0.24896265560165445,2673478,0.9283955151532406,5787004315.999999,USD,0.3673,USD,39.18150814702538,Finance,Strong buy
KGS,"Kodiak Gas Services, Inc.",70.72,USD,2.2260769008383807,1998241,0.7144979910011308,7136985777,USD,0.7387,USD,40.38388445458001,Industrial services,Strong buy
HWM,Howmet Aerospace Inc.,280.36,USD,0.9724123028163899,2566947,0.806869255280139,112174128047.99998,USD,4.3106,USD,40.55234927777234,Electronic technology,Buy
SEZL,Sezzle Inc.,156.47,USD,-4.170749632533073,732037,0.5431551069884889,5261619544,USD,4.2021,USD,42.02521377632068,Technology services,Strong buy
UNFI,"United Natural Foods, Inc.",51.02,USD,-1.3343647263585336,765764,0.730014309164716,3087686659.9999995,USD,-0.6562,USD,42.423444766166526,Distribution services,Buy
SNEX,StoneX Group Inc.,138.79,USD,-0.1582619955398884,917174,1.070710252383308,10999314509,USD,5.6051,USD,42.496504385407405,Finance,Strong buy
KEYS,Keysight Technologies Inc.,373.34,USD,2.659004042126092,1494013,0.8364182377611578,63802076990,USD,6.0694,USD,42.551142635695335,Electronic technology,Buy
MKSI,MKS Inc.,420.56,USD,3.4918916258582073,1547005,0.6648901268029218,28406361690.999996,USD,4.7842,USD,42.58210645526615,Producer manufacturing,Buy
MXL,"MaxLinear, Inc",96.44,USD,8.65254619197836,3522350,1.3888927269217648,8635812550,USD,-1.5146,USD,42.61574600287945,Electronic technology,Buy
FTRE,Fortrea Holdings Inc.,15.56,USD,1.6329196603527107,1727449,0.6835245140913447,1471976016.2612672,USD,-4.9147,USD,42.651606203106226,Commercial services,Buy
IMAX,Imax Corporation,44,USD,-0.7444168734491277,645966,0.5193241658213131,2413627701,USD,0.6621,USD,42.90956183898123,Consumer durables,Strong buy
DUOT,"Duos Technologies Group, Inc.",12.26,USD,-6.768060836501904,575111,1.0706890051914277,385125755.5498099,USD,-0.6613,USD,45.06562551918923,Technology services,Strong buy
APLD,Applied Digital Corporation,45.2,USD,-2.983472848250699,16311249,0.5278228313687169,12916783031.000002,USD,-0.7392,USD,46.25954198473283,Technology services,Strong buy
ECG,"Everus Construction Group, Inc.",164.71,USD,4.438526409232135,415699,0.7385590160419727,8407063416.000001,USD,4.368,USD,46.68054669397899,Industrial services,Buy
LRCX,Lam Research Corporation,409.54,USD,5.269381040509973,14638621,0.8032310869497309,512158876423.00006,USD,5.2981,USD,47.59583240472476,Producer manufacturing,Buy
TILE,"Interface, Inc.",32.36,USD,-0.614250614250623,396769,0.9340402196777602,1878698360,USD,2.1432,USD,47.837483617300144,Producer manufacturing,Strong buy
JCI,Johnson Controls International plc,148.21,USD,2.3408369009805376,5710999,0.7283522275269138,90425237259.00002,USD,5.591,USD,49.09730926158032,Producer manufacturing,Buy
GVA,Granite Construction Incorporated,151.5,USD,3.29310697484149,1439051,0.8933747425297661,6627625093,USD,3.4072,USD,49.77361642269989,Industrial services,Buy
PFG,Principal Financial Group Inc,111.23,USD,1.5150132335493391,1066465,0.6323485355097179,24027058880,USD,6.9948,USD,49.93890806199224,Finance,Neutral
EQIX,"Equinix, Inc.",1115.94,USD,2.1745300726064145,718510,0.7507762796171359,110058742354,USD,14.46,USD,50.236888039231985,Finance,Strong buy
SNX,TD SYNNEX Corporation,283.26,USD,-0.4568456564520703,1513428,0.8785941658340521,22771581050.000004,USD,12.0367,USD,50.41738521906475,Distribution services,Strong buy
AMLX,"Amylyx Pharmaceuticals, Inc.",16.28,USD,3.8927887683471676,1375322,0.7783163694916242,1810113256.9776645,USD,-1.5072,USD,51.42451978857805,Health technology,Strong buy
HST,"Host Hotels & Resorts, Inc.",25.13,USD,0.47980807676928205,7430637,0.86751909566469,17211015542,USD,1.4642,USD,51.79348952933858,Finance,Buy
STX,Seagate Technology Holdings PLC,1094.04,USD,2.224755426403665,6875993,0.7193940480590044,245315491499,USD,10.535,USD,52.226685547495876,Electronic technology,Buy
TER,"Teradyne, Inc.",457,USD,4.356960175374494,4338542,0.9854750255486382,71539767136,USD,5.403,USD,52.929521652986125,Electronic technology,Buy
DBRG,"DigitalBridge Group, Inc.",15.72,USD,-0.31705770450221266,5063644,0.40497581023026075,2953176376.9999995,USD,0.4861,USD,54.31746031746031,Finance,Neutral
ORKA,"Oruka Therapeutics, Inc.",85.38,USD,18.025988388166976,4201125,1.3886572750571604,5149447211.999999,USD,-2.3912,USD,54.60809810360865,Health technology,Strong buy
FCX,"Freeport-McMoRan, Inc.",69.21,USD,0.7716948165404585,12958906,0.5957916703646825,99493513441.99998,USD,1.8797,USD,55.154766817994215,Non-energy minerals,Buy
JBL,Jabil Inc.,377.24,USD,1.4413251586533327,1485425,0.8155356407854687,39799809041,USD,8.0205,USD,55.92254903866715,Producer manufacturing,Buy
AROC,"Archrock, Inc.",38.08,USD,3.002434406275357,1641465,0.7412520465417484,6673961922,USD,1.8413,USD,55.936653116531154,Industrial services,Strong buy
SN,"SharkNinja, Inc.",138.56,USD,-1.6188582788980412,1464942,0.723705009664535,19609062189,USD,4.9608,USD,57.1066632885736,Consumer durables,Strong buy
SVCO,"Silvaco Group, Inc.",13.2,USD,-1.1235955056179803,546829,2.143093801582888,431392381.8426966,USD,-0.9184,USD,58.46974767115854,Technology services,Strong buy
TWST,Twist Bioscience Corporation,85.17,USD,-2.7295568752855193,2354723,0.9797457744689803,5303647589.999999,USD,-1.3287,USD,59.20353710583684,Health technology,Strong buy
MAC,Macerich Company (The),24.04,USD,1.735082522217521,3672847,1.434397833507768,6814407066.000001,USD,-0.3184,USD,60.74466773517445,Finance,Buy
CXW,"CoreCivic, Inc.",29.65,USD,2.595155709342561,1887321,0.9811608593051352,2932042749,USD,1.2364,USD,61.70546691080304,Commercial services,Strong buy
ADEA,Adeia Inc.,31.81,USD,0,2048010,1.8201452195975316,3508444032,USD,1.0793,USD,61.83835657519866,Technology services,Strong buy
CYRX,"CryoPort, Inc.",14.77,USD,-1.5989340439706876,477942,1.0174807259338694,744442190,USD,-0.8817,USD,62.349474763002824,Transportation,Strong buy
VLY,Valley National Bancorp,14.24,USD,1.0645848119233523,4753980,0.5915577172298144,7890832214.359121,USD,1.1152,USD,62.447195921340125,Finance,Strong buy
DD,"DuPont de Nemours, Inc.",48.19,USD,1.006078390274569,4998196,0.4523541901654274,19754108122,USD,-0.0675,USD,63.05418719211823,Process industries,Buy
CLYM,"Climb Bio, Inc.",12.18,USD,6.375545851528389,1431166,1.1880356539823627,697463642,USD,-0.7789,USD,67.1973046957254,Health technology,Strong buy
SEI,"Solaris Energy Infrastructure, Inc.",82.17,USD,-0.8566602316602242,2222788,0.5472688730611847,6042945260.000001,USD,0.829,USD,67.71191584058262,Industrial services,Strong buy
APH,Amphenol Corporation,165.96,USD,1.219809709685289,8584849,0.766587019943074,204169725392.99997,USD,3.48,USD,68.63733281643728,Electronic technology,Buy
ALMS,Alumis Inc.,24.6,USD,5.083297736010257,1435836,0.6797396948820109,3136302655,USD,-1.9214,USD,69.57403008709421,Health technology,Strong buy
HCSG,"Healthcare Services Group, Inc.",22.54,USD,-1.743679163034011,1041943,0.7025553769216377,1547263102,USD,0.9492,USD,69.59085224227266,Commercial services,Buy
INSW,"International Seaways, Inc.",88.41,USD,4.6396023198011624,830770,0.6778858389132771,4376710345,USD,10.9901,USD,69.79683275395905,Transportation,Strong buy
RXO,"RXO, Inc.",25.82,USD,1.6935801496652212,1701854,0.7049059097239606,4258242576,USD,-0.622,USD,71.43906694829644,Technology services,Neutral
SITM,SiTime Corporation,753.12,USD,3.302973773729842,802222,0.9615800704066648,19879978747,USD,-1.0106,USD,73.44997898276586,Electronic technology,Buy
VIRT,"Virtu Financial, Inc.",62.11,USD,-1.5221182812747753,2109123,0.9142769406285393,9632413562,USD,6.0402,USD,74.21476161633642,Finance,Buy
CORZ,"Core Scientific, Inc.",29.08,USD,-0.274348422496577,10602168,0.6313164101867327,9244104047,USD,-1.1469,USD,77.29495377427594,Technology services,Strong buy
ANAB,"AnaptysBio, Inc.",59.99,USD,4.312293514171456,407255,0.5153858516883711,1745763193,USD,-1.0803,USD,77.68666735515852,Health technology,Strong buy
LTH,"Life Time Group Holdings, Inc.",37.33,USD,1.1105092091007491,2835587,0.6953383368148623,8309760596,USD,1.7028,USD,77.70820288040076,Consumer services,Strong buy
MRCY,Mercury Systems Inc,111.76,USD,-1.88745500833991,506370,0.8701096351293569,6710437362.503029,USD,-0.2387,USD,78.55731225296442,Electronic technology,Buy
ALGM,"Allegro MicroSystems, Inc.",61.58,USD,4.372881355932201,3463977,0.8680881159704672,11467576478.999998,USD,-0.0811,USD,79.04392764857882,Electronic technology,Strong buy
CALY,Callaway Golf Company,18.02,USD,-1.0976948408342442,3152298,0.631998766712402,3239231464,USD,-1.6095,USD,79.68598149714128,Consumer durables,Buy
AMN,AMN Healthcare Services Inc,30.34,USD,-2.065848934796645,866838,0.6911455541543283,1176768728.9999998,USD,-0.8776,USD,79.69646492689246,Commercial services,Buy
NUE,Nucor Corporation,244.93,USD,0.45113398679407546,2275336,0.8137926853140061,55780589591.99999,USD,10.0926,USD,79.7147385103011,Non-energy minerals,Buy
TRGP,"Targa Resources, Inc.",264.51,USD,2.2932941449454742,1461686,0.554123046114811,56775461577,USD,9.8169,USD,80.38477086472385,Utilities,Strong buy
SIMO,Silicon Motion Technology Corporation,336.9,USD,4.737922029472099,1043673,1.3095693166398439,11306771444,USD,5.0277,USD,80.39827771797633,Electronic technology,Strong buy
AVNS,"Avanos Medical, Inc.",24.9,USD,-0.160384923817172,359243,1.2393279775915718,1166510612,USD,-1.6096,USD,80.75653962029553,Health technology,Neutral
SMTC,Semtech Corporation,174.73,USD,10.427858181128737,3199390,1.4230957062161327,16276303331,USD,-0.3956,USD,80.79984469035139,Electronic technology,Buy
TVTX,"Travere Therapeutics, Inc.",55.11,USD,-0.07252946509519338,1742521,0.8014932907587661,5124839117.710608,USD,-0.5348,USD,80.93336660843524,Health technology,Strong buy
ADI,"Analog Devices, Inc.",445.48,USD,2.5364820696957233,4289131,0.9750646368080614,216987538208.00003,USD,6.7292,USD,83.19222497481829,Electronic technology,Buy
LINC,Lincoln Educational Services Corporation,49.33,USD,1.8583522609952479,370029,0.9438437208214611,1564783566,USD,0.7147,USD,84.62929475587704,Commercial services,Strong buy
BEAM,Beam Therapeutics Inc.,35.53,USD,4.07147041593439,2603285,0.6930759268137182,3655298256,USD,-0.6871,USD,85.10223108779081,Health technology,Strong buy
DHT,"DHT Holdings, Inc.",19.77,USD,4.658549497088401,7640810,0.8265241211693158,3183793321,USD,2.0586,USD,85.82776674489983,Transportation,Buy
INTC,Intel Corporation,140.94,USD,5.1869542503171795,127188038,0.8756945652870887,708364452271,USD,-0.6263,USD,85.99601994499474,Electronic technology,Neutral
TXG,"10x Genomics, Inc.",32.94,USD,-5.22227017695297,4267770,0.9345750101337501,4181937070.668968,USD,-0.1744,USD,86.53489808523781,Health technology,Buy
BEN,"Franklin Resources, Inc.",33.93,USD,2.662632375189115,5788229,0.7430992954976795,17631288522,USD,1.309,USD,89.572773352643,Finance,Neutral
FLG,"Flagstar Bank, N.A.",15.03,USD,2.5938566552900952,6614364,0.7616990422361374,6264731210,USD,-0.2226,USD,91.62149954832883,Finance,Buy
TRN,"Trinity Industries, Inc.",35.13,USD,1.9147084421235965,485846,0.7889419852229703,2793028328,USD,3.1167,USD,91.6789667896679,Producer manufacturing,Neutral
ARW,"Arrow Electronics, Inc.",234.83,USD,0.9153416415986352,509247,0.6521198644531894,12007784507,USD,13.978,USD,92.4125209922088,Distribution services,Neutral
VPG,"Vishay Precision Group, Inc.",140.92,USD,-0.2971557945380047,448281,1.7368539776084329,1874376947,USD,0.4426,USD,93.44405594405593,Electronic technology,Strong buy
BANC,"Banc of California, Inc.",20.21,USD,0.5973120955699402,2600419,0.690869821330804,3116424264,USD,1.2984,USD,99.60030745580323,Finance,Strong buy
DELL,Dell Technologies Inc.,418.71,USD,2.249084249084244,7336874,1.0210420056564202,271441749931.00003,USD,12.5841,USD,100.63934948979589,Electronic technology,Buy
DOCN,"DigitalOcean Holdings, Inc.",166.24,USD,-4.057251688116812,2827690,0.6495249982703633,17349502109.000004,USD,2.2877,USD,109.49633699633698,Technology services,Buy
MTZ,"MasTec, Inc.",406.32,USD,7.02207238055101,1205092,0.7975621983357106,32106819718.999996,USD,5.7201,USD,111.18289891456841,Industrial services,Strong buy
VVX,"V2X, Inc.",82,USD,-4.149620105201633,463440,0.9147182601887235,2567459682,USD,2.7954,USD,113.51970669110906,Commercial services,Buy
MPC,Marathon Petroleum Corporation,247.29,USD,1.8031369643077666,1877780,0.8127737387267244,72193003561,USD,15.3032,USD,114.97787455222308,Energy minerals,Buy
BFH,"Bread Financial Holdings, Inc.",103.68,USD,1.240113270188468,569308,0.8017081691876103,4189404651,USD,12.1985,USD,117.5041009913701,Finance,Buy
VIK,Viking Holdings Ltd,100.05,USD,2.9638777400432184,4940920,0.717910060909964,44600892318.99999,USD,2.6852,USD,117.98993343075175,Consumer services,Buy
IRM,Iron Mountain Incorporated (Delaware),131.86,USD,3.1526245795196868,1732825,0.5733998251480242,39231605636,USD,0.9107,USD,121.95954179868389,Finance,Buy
AMD,"Advanced Micro Devices, Inc.",551.63,USD,2.6536650724826454,25983232,0.49443372478945025,899488209183,USD,3.0469,USD,123.34701656648583,Electronic technology,Buy
ECO,Okeanis Eco Tankers Corp.,54.99,USD,4.782774390243913,988073,0.8461104459209884,2108798515,USD,5.6604,USD,128.17753053573588,Transportation,Buy
VRT,"Vertiv Holdings, LLC",357.96,USD,7.47935745383575,7284275,0.6331764294485942,137495591960,USD,3.9835,USD,130.95431354359923,Electronic technology,Buy
DRH,Diamondrock Hospitality Company,12.25,USD,-0.487408610885463,1833335,0.48760620595840365,2512711848.9999995,USD,0.4669,USD,136.64470349721233,Finance,Buy
AEIS,"Advanced Energy Industries, Inc.",388.23,USD,4.197643522370446,631080,1.0029098881286866,14764641572.000002,USD,4.7506,USD,145.48367093840432,Electronic technology,Buy
TTMI,"TTM Technologies, Inc.",221.47,USD,2.323969691369433,2353542,0.666992231003799,22999672806,USD,1.8397,USD,145.6864316239316,Electronic technology,Strong buy
VCYT,"Veracyte, Inc.",53.19,USD,-0.8204363229535797,967185,1.125787777586538,4244170854.0000005,USD,1.0863,USD,158.95113230035759,Health technology,Buy
FRO,Frontline Plc,41.58,USD,1.5880772049841156,5031953,0.7972619688082933,9256660352.000002,USD,4.0648,USD,159.99744147371118,Transportation,Buy
SSRM,SSR Mining Inc.,30.72,USD,-0.7431340872374812,2706040,0.6355691203923113,6374125639,USD,1.0379,USD,160.19052394083732,Non-energy minerals,Strong buy
KLIC,"Kulicke and Soffa Industries, Inc.",124.22,USD,1.9282842373020384,1714822,1.0646363086090074,6500790183.000001,USD,1.0406,USD,187.85615491009685,Producer manufacturing,Buy
XHR,"Xenia Hotels & Resorts, Inc.",20.1,USD,0.3996003996004088,857810,0.9325897455866496,1854141306,USD,0.69,USD,208.03571428571428,Finance,Buy
WDC,Western Digital Corporation,732.62,USD,-1.8238344746257875,13159844,0.7423570846160583,252521019596.00003,USD,16.7521,USD,218.5112653294039,Electronic technology,Buy
DIOD,Diodes Incorporated,122.76,USD,2.7624309392265287,848427,0.9163787679842874,5640175480,USD,1.8445,USD,234.9981837994915,Electronic technology,Buy
PACS,"PACS Group, Inc.",37.77,USD,3.2249248428532375,899274,0.5318170241797266,5977947464,USD,1.5052,USD,242.16867469879523,Health services,Strong buy
TIGO,Millicom International Cellular S.A.,85.35,USD,1.1136121312640654,1109181,0.9902359622183152,14299609800,USD,7.3503,USD,256.5510550569973,Communications,Neutral
BTSG,"BrightSpring Health Services, Inc.",67.2,USD,1.4339622641509477,2477030,1.076272396901275,13188564391,USD,1.0758,USD,282.3027718550107,Health services,Strong buy
GLW,Corning Incorporated,209.83,USD,7.649292017237855,18573146,1.0232244785462787,180587634797,USD,2.0835,USD,298.67967853042484,Electronic technology,Buy
PBI,Pitney Bowes Inc.,17.14,USD,-2.057142857142854,3203684,0.7816130788861387,2321465882,USD,1.0341,USD,301.74825174825173,Technology services,Neutral
RSI,"Rush Street Interactive, Inc.",30.52,USD,4.915778618081814,3740350,1.466030310312041,7111356530,USD,0.3198,USD,313.17829457364337,Consumer services,Strong buy
GEV,GE Vernova Inc.,1127.59,USD,1.6094004848026007,3916250,0.8200994412382635,303005976992,USD,34.3231,USD,389.82617878753274,Producer manufacturing,Buy
PDFS,"PDF Solutions, Inc.",64.95,USD,-0.6272949816401416,497049,1.5313169813563736,2674801446,USD,0.1793,USD,395.3038674033148,Technology services,Strong buy
MU,"Micron Technology, Inc.",1211.38,USD,6.8245751726205786,53138150,1.140416467843068,1366114429073,USD,21.1813,USD,409.11691183540046,Electronic technology,Strong buy
KYIV,Kyivstar Group Ltd.,14.02,USD,-0.9887005649717555,800640,0.41758819264032626,3236708228.9999995,USD,0.3973,USD,434.7240915208613,Finance,Strong buy
VICR,Vicor Corporation,365.53,USD,10.308718351087897,922257,0.8210311829338658,16661370405,USD,2.9859,USD,484.2105263157895,Electronic technology,Strong buy
CSTM,Constellium SE,34.6,USD,1.7647058823529453,1725687,0.8090678924873398,4710805420,USD,3.0984,USD,585.3351028533509,Non-energy minerals,Strong buy
CMC,Commercial Metals Company,73.29,USD,1.2852404643449513,1063832,0.7351367752249636,8126936364.999999,USD,4.4893,USD,645.6070420195981,Non-energy minerals,Buy
AUPH,Aurinia Pharmaceuticals Inc,17.53,USD,6.500607533414339,3393738,0.6678149996767984,2254387350.9999995,USD,2.1637,USD,683.3816075307748,Health technology,Buy
FLYW,Flywire Corporation - Voting,15.43,USD,-2.649842271293375,1407579,0.8919871198475418,1904337976.9999998,USD,0.2316,USD,721.2765957446808,Commercial services,Buy
CRDO,Credo Technology Group Holding Ltd,302.52,USD,11.290144575653901,9529507,1.2420315494697738,56413289239,USD,2.4798,USD,789.7739504843918,Technology services,Strong buy
FTAI,FTAI Aviation Ltd.,272.05,USD,-1.4704284524283806,864618,0.5093213134140652,27907695645,USD,5.0282,USD,2363.5962763351295,Electronic technology,Strong buy
COHR,Coherent Corp.,425.48,USD,9.217855584362251,9178117,0.8457365103474435,83240623428.00002,USD,2.0946,USD,,Electronic technology,Buy
KNSA,"Kiniksa Pharmaceuticals International, plc",57.13,USD,3.6653964797677427,609113,0.6953445763860714,4395468906.161495,USD,0.9074,USD,,Health technology,Strong buy
GFS,GlobalFoundries Inc.,89.67,USD,4.473960153792384,3910170,0.6826293843528527,49202000239.00001,USD,1.392,USD,,Electronic technology,Buy
ILMN,"Illumina, Inc.",161.38,USD,-0.33965293645403033,1791164,0.8250601426863546,24416795230.999996,USD,5.5098,USD,,Health technology,Buy
KN,Knowles Corporation,42.8,USD,3.4566110708242683,1208770,1.0652818586134158,3661995913,USD,0.6527,USD,,Electronic technology,Buy
INDV,"Indivior Pharmaceuticals, Inc.",38.32,USD,0.05221932114883323,1234669,0.5387042436279145,4672053229,USD,1.9744,USD,,Health technology,Strong buy
OSS,"One Stop Systems, Inc.",18.19,USD,-1.3557483731019522,769244,0.6987046487369799,450548453.99999994,USD,0.2512,USD,,Electronic technology,Strong buy
MCHP,Microchip Technology Incorporated,102.71,USD,2.946777588453441,11048127,1.006962770542256,55676956562.99999,USD,0.2159,USD,,Electronic technology,Buy
ZVRA,"Zevra Therapeutics, Inc.",12.65,USD,-1.937984496124031,1120059,1.064722765358009,747805811.0310076,USD,2.1539,USD,,Health technology,Strong buy
RAMP,"LiveRamp Holdings, Inc.",37.61,USD,-0.3444621091679983,1069015,1.4820330450074384,2259904742,USD,2.2534,USD,,Technology services,Buy
WRBY,Warby Parker Inc.,26.99,USD,3.9676425269645517,3360549,0.9754261301474895,3312084073,USD,0.0095,USD,,Retail trade,Buy
OCC,Optical Cable Corporation,22.24,USD,-0.714285714285715,490137,10.520786754752608,196314528,USD,0.1147,USD,,Electronic technology,No rating
PENG,"Penguin Solutions, Inc.",67.94,USD,1.1764705882352822,5113345,1.5586155073567465,3447785886.0000005,USD,0.0007,USD,,Electronic technology,Strong buy
TWLO,Twilio Inc.,183.64,USD,-1.3589729816834084,1821597,0.7580088682228179,27871752429,USD,0.6447,USD,,Technology services,Buy
NTCT,"NetScout Systems, Inc.",40.35,USD,1.7141416687673297,668517,0.9645782011536734,2884831846.8792543,USD,1.2958,USD,,Technology services,Buy
AMRX,"Amneal Pharmaceuticals, Inc.",16.11,USD,-0.6169031462060544,1794259,0.7520176365282171,5139456957,USD,0.373,USD,,Health technology,Buy
ROKU,"Roku, Inc.",135.2,USD,-2.0786557543275186,8328433,1.8413051236090199,20055862144.946766,USD,1.3298,USD,,Technology services,Buy
MD,"Pediatrix Medical Group, Inc.",23.52,USD,-0.3811944091486652,927029,0.662273626811197,1931507542.0000002,USD,2.0516,USD,,Health services,Buy
MRVL,"Marvell Technology, Inc.",307.86,USD,-0.8757807972180986,49224986,2.868702983631327,269315911427.00003,USD,2.9264,USD,,Electronic technology,Strong buy
BRUN,Boost Run Inc.,34.71,USD,-5.422343324250686,1890543,3.240847197008234,2132189339.041962,USD,0.1268,USD,,Technology services,Strong buy
MTSI,"MACOM Technology Solutions Holdings, Inc.",396.26,USD,1.2391098847755462,1414571,1.0652520343409364,30232965088,USD,2.3064,USD,,Electronic technology,Buy
SPHR,Sphere Entertainment Co.,157.24,USD,-0.05720460179241302,622759,0.6166812108271823,5627966255,USD,1.9268,USD,,Consumer services,Strong buy
MRX,Marex Group plc,65.3,USD,0.6939090208172751,1054965,0.748498650137009,4697086033.999999,USD,4.3268,USD,,Technology services,Strong buy
LQDA,Liquidia Corporation,75.49,USD,6.21922048684396,2908573,1.0621840968783913,6713182123,USD,0.1416,USD,,Health technology,Strong buy
QTTB,Q32 Bio Inc.,12.65,USD,6.302521008403361,443701,0.3535829584886308,214498621,USD,2.663,USD,,Health technology,Strong buy
SKYT,"SkyWater Technology, Inc.",37.33,USD,2.078206179928898,571336,0.33709095394465965,1836807750.665026,USD,2.333,USD,,Producer manufacturing,Neutral
CMP,Compass Minerals Intl Inc,28.87,USD,-5.591890124264216,487535,0.8478871002641026,1211337522,USD,0.1506,USD,,Process industries,Buy
LIVN,LivaNova PLC,78.71,USD,0.26751592356687104,689739,0.8285175780365959,4323818910,USD,1.9372,USD,,Health technology,Buy
RAL,Ralliant Corporation,67.72,USD,-0.6746846582575652,1183921,0.704337212058819,7580113139,USD,-11.0026,USD,,Electronic technology,Buy
NBIS,Nebius Group N.V.,283.61,USD,-1.0743311590916964,14696581,0.7794740237766545,71370576772.99998,USD,2.9973,USD,,Technology services,Buy
TPC,Tutor Perini Corporation,81.5,USD,4.500576997050911,665937,0.6281081876490772,4288098387,USD,1.4574,USD,,Industrial services,Strong buy
SNDK,Sandisk Corporation,2273.73,USD,4.072777205629936,9977321,0.6018416305920021,336716144065.00006,USD,28.7671,USD,,Electronic technology,Buy
VSH,"Vishay Intertechnology, Inc.",64.27,USD,-0.970724191063189,8348842,2.9228363657535157,8747538028,USD,0.016,USD,,Electronic technology,Buy
NVRI,Enviri Corporation,21.6,USD,-1.8627896410722404,475958,0.28885158682911705,607041000,USD,,,,Commercial services,Buy
TX,Ternium S.A.,46.63,USD,0.7127429805615668,368285,1.7023668971602623,9153827216,USD,2.8722,USD,,Non-energy minerals,Buy
ATRO,Astronics Corporation,81.85,USD,1.6012909632571897,572250,0.7302274588667235,2991954463,USD,1.1699,USD,,Electronic technology,Strong buy