Symbol,Description,Price,Price - Currency,Price Change % 1 day,Volume 1 day,Relative Volume 1 month,Market capitalization,Market capitalization - Currency,"Earnings per share diluted, Trailing 12 months","Earnings per share diluted, Trailing 12 months - Currency","Earnings per share diluted growth %, TTM YoY",Sector,Analyst Rating
SATS,EchoStar Corporation,121.63,USD,3.5148936170212726,5174152,0.9518981304572189,35135969878.99999,USD,-50.3231,USD,-9888.705835649067,Communications,Buy
SNDA,"Sonida Senior Living, Inc.",36.4,USD,1.0269220094365734,451205,4.448432450757619,1724924817,USD,-4.2234,USD,-9721.860465116279,Health services,Buy
PKST,Peakstone Realty Trust,20.97,USD,0,371949,0.7787857684921872,779818890,USD,-9.2766,USD,-3131.138975966562,Finance,Neutral
BBGI,"Beasley Broadcast Group, Inc.",22.47,USD,3.2154340836012834,139244,12.895677442145356,40587720,USD,-108.9602,USD,-2862.4045023245694,Consumer services,No rating
ASYS,"Amtech Systems, Inc.",17.73,USD,-5.540756526371866,258346,0.8945058679604789,255426982.00000003,USD,-2.1363,USD,-2667.6682692307695,Producer manufacturing,Strong buy
KLIC,"Kulicke and Soffa Industries, Inc.",86.46,USD,-1.4251510660129976,635792,0.9058577324472551,4524150456,USD,-1.2064,USD,-1118.9189189189187,Producer manufacturing,Buy
DOW,Dow Inc.,38.085,USD,-1.410820605746833,11226410,0.964477387707422,27449437217.606693,USD,-3.9914,USD,-1097.6005998500375,Process industries,Buy
ECVT,Ecovyst Inc.,14.15,USD,2.3878437047756877,1511064,1.2102627497401977,1548721733.0000002,USD,-0.6354,USD,-973.3108108108107,Process industries,Buy
TBBB,BBB Foods Inc.,36.24,USD,-2.763616850013418,196629,0.5442879597486655,4271142951,USD,-1.3159,USD,-916.3151364764268,Retail trade,Buy
UCTT,"Ultra Clean Holdings, Inc.",81.09,USD,-2.3129743404409124,934447,0.9543763983108764,3688787163,USD,-4.0077,USD,-873.8366480015447,Producer manufacturing,Strong buy
WULF,TeraWulf Inc.,21.43,USD,7.096451774112935,33033143,0.7151402819616728,10346018031,USD,-1.661,USD,-719.0335305719921,Technology services,Strong buy
CC,Chemours Company (The),26.48,USD,-0.48853814355505076,2216231,0.5944837719461304,3974258990,USD,-2.5701,USD,-543.8093593507166,Process industries,Buy
TALO,"Talos Energy, Inc.",15.18,USD,1.879194630872479,882683,0.7434117031578067,2558053110,USD,-2.8494,USD,-456.5234375,Energy minerals,Buy
VTRS,Viatris Inc.,14.81,USD,1.5078821110349598,6991983,0.7954535763914119,17245073994,USD,-2.9602,USD,-454.76011994003,Health technology,Buy
INSG,Inseego Corp.,14.83,USD,-1.2649800266311553,70030,0.43621389686670686,240669366.00000003,USD,-0.1832,USD,-413.16239316239313,Electronic technology,Buy
OPLN,"OPENLANE, Inc.",31.7,USD,-0.5021971123666044,464190,0.5252869601156448,3369622144,USD,-1.1834,USD,-359.4606445954834,Technology services,Buy
WLK,Westlake Corporation,111.19,USD,0.49710773680404663,794561,0.6693791902817905,14241604243.000002,USD,-11.7038,USD,-352.96215445133686,Process industries,Buy
ROG,Rogers Corporation,132.5,USD,0.7911151681119671,391947,0.9717019269193164,2363207383,USD,-3.345,USD,-338.75802997858676,Process industries,Buy
SNDK,Sandisk Corporation,1070.2,USD,8.11193049803011,13005022,1.2846794098696608,157962548111.99997,USD,-7.5894,USD,-338.19597012114747,Electronic technology,Buy
KODK,Eastman Kodak Company,12.33,USD,-3.218210361067505,907553,1.1255989206550094,1203513615,USD,-1.6796,USD,-286.6014887234752,Producer manufacturing,No rating
TRDA,"Entrada Therapeutics, Inc.",12.96,USD,2.612826603325416,140343,0.5685521022281427,496164701.00000006,USD,-3.4709,USD,-282.0943287340643,Health technology,Strong buy
QUIK,QuickLogic Corporation,15.7,USD,20.030581039755347,2209955,1.6510780023231002,278210843,USD,-0.9028,USD,-241.58153613318203,Electronic technology,Buy
HZO,"MarineMax, Inc. (FL)",29.99,USD,0.9084791386271857,276499,0.6656612646822131,660624345,USD,-2.9426,USD,-219.85174323884002,Retail trade,Strong buy
BC,Brunswick Corporation,80.19,USD,1.033135945571366,745548,0.7542843616619846,5221405428,USD,-2.0967,USD,-210.28878017989584,Producer manufacturing,Buy
DCO,Ducommun Incorporated,141.43,USD,1.4489634889893195,144696,1.3875934571939534,2119603813.0000002,USD,-2.3023,USD,-209.72215603107279,Electronic technology,Strong buy
HP,"Helmerich & Payne, Inc.",38.66,USD,0.782064650677782,999044,0.5080244611856348,3860181164,USD,-3.1838,USD,-205.27394769037463,Industrial services,Neutral
MRAM,"Everspin Technologies, Inc.",13.81,USD,-1.8479033404406524,867218,1.212301082048432,321696770.00000006,USD,-0.0298,USD,-190.85365853658536,Electronic technology,Strong buy
AHCO,AdaptHealth Corp.,13.08,USD,2.187499999999995,1274854,0.86611398667567,1777765707,USD,-0.5307,USD,-187.74801587301587,Health services,Buy
WELL,Welltower Inc.,210.01,USD,0.6035928143712531,2114162,0.6918822947681466,147129417114,USD,-0.7091,USD,-186.24422281683286,Finance,Strong buy
HUT,Hut 8 Corp.,75.71,USD,-1.5090412384545475,2540353,0.6941306604896001,8395276493.628789,USD,-2.31735086,USD,-171.40894242327784,Technology services,Strong buy
JAZZ,Jazz Pharmaceuticals plc,201.22,USD,2.391614085080393,1310554,0.9364821151415262,12624304493,USD,-5.9701,USD,-168.63051650208646,Health technology,Strong buy
LFUS,"Littelfuse, Inc.",403.02,USD,-1.0119369258731652,148931,0.885197853417252,10140834581,USD,-2.9033,USD,-164.59529212833178,Electronic technology,Neutral
AUGO,Aura Minerals Inc.,87.95,USD,-2.6132211272284347,597577,1.5520977463110701,7369262553,USD,-1.0622,USD,-153.68999283496535,Non-energy minerals,Strong buy
EGBN,"Eagle Bancorp, Inc.",26.32,USD,0.07604562737642423,416317,0.6261363258752138,802650952.9999999,USD,-3.7931,USD,-153.6342360414577,Finance,Buy
TH,Target Hospitality Corp.,14.3,USD,0.3508771929824611,1100708,4.2011408120870035,1423716276,USD,-0.373,USD,-153.0658699672784,Consumer services,Strong buy
MCHP,Microchip Technology Incorporated,86.84,USD,-2.90697674418604,10126724,0.8919939668534597,46992199368.00001,USD,-0.2879,USD,-150.76706048315992,Electronic technology,Buy
AEHR,Aehr Test Systems,88.48,USD,-7.746846001459693,3748217,2.780582356034829,2782984081,USD,-0.3783,USD,-148.74371859296483,Electronic technology,Buy
PTGX,"Protagonist Therapeutics, Inc.",98.51,USD,-1.4899999999999949,994861,0.6359000959780856,6285796732,USD,-2.0426,USD,-148.56280164522954,Health technology,Strong buy
WERN,"Werner Enterprises, Inc.",34.14,USD,0.9163464380727232,895138,0.717865149070674,2046696765.9999998,USD,-0.2489,USD,-145.50274223034734,Transportation,Neutral
OLN,Olin Corporation,26.83,USD,0.22413149047440686,1523345,0.7666593493970912,3054784385,USD,-0.3799,USD,-142.48490270632968,Process industries,Neutral
CDNA,"CareDx, Inc.",21.85,USD,2.920395666509661,654363,0.5754807998334683,1119077112,USD,-0.3943,USD,-138.76327172630752,Health technology,Buy
SYNA,Synaptics Incorporated,91.73,USD,-2.2693373108885524,936389,1.2475701079355532,3552679543,USD,-1.5921,USD,-137.6846241242189,Electronic technology,Buy
ICHR,Ichor Holdings,70.68,USD,-0.3524601720005639,1010521,0.7004590459917358,2455756312.9999995,USD,-1.5386,USD,-136.34408602150535,Producer manufacturing,Strong buy
MEC,"Mayville Engineering Company, Inc.",21.81,USD,-0.6830601092896271,62431,0.548486887408491,443143614.99999994,USD,-0.3968,USD,-132.12435233160622,Producer manufacturing,Strong buy
MSGS,Madison Square Garden Sports Corp.,335.12,USD,0.546054605460544,181309,0.8439304588454342,8066276588,USD,-0.6896,USD,-129.23644380379022,Consumer services,Buy
LPTH,"LightPath Technologies, Inc.",13.99,USD,-13.051584835301428,9057816,1.4664211700001044,807343341,USD,-0.5181,USD,-119.81332201951633,Electronic technology,Strong buy
SDRL,Seadrill Limited,48.87,USD,1.6008316008315926,824317,0.6338400180276765,3040257025,USD,-1.241,USD,-119.46208735199559,Industrial services,Buy
PDFS,"PDF Solutions, Inc.",41.34,USD,-11.077651107765107,961777,1.3698962602885805,1649082071.0000002,USD,-0.0169,USD,-116.31274131274132,Technology services,Strong buy
RGR,"Sturm, Ruger & Company, Inc.",43,USD,1.2479397221568191,103711,0.5031690530368071,685766869,USD,-0.2846,USD,-116.06910959290838,Consumer durables,Buy
GDEN,"Golden Entertainment, Inc.",28.42,USD,0.24691358024691457,1270840,1.191967984314631,750254220,USD,-0.2435,USD,-114.5895745955662,Consumer services,Neutral
RMIX,"Suncrete, Inc.",16,USD,6.10079575596817,178116,3.552391768143244,466807984,USD,-0.0525,USD,-113.70041753653443,Technology services,Strong buy
FLR,Fluor Corporation,51.68,USD,7.153224134356216,3514637,0.467012285792826,7422668581,USD,-1.2547,USD,-110.27777095159692,Industrial services,Buy
MTX,Minerals Technologies Inc.,72.26,USD,0.570633263743926,131580,0.6171220738175974,2242047502.9999995,USD,-0.5107,USD,-109.87394145624685,Process industries,Strong buy
HPE,Hewlett Packard Enterprise Company,28.62,USD,1.6335227272727304,8439203,0.5216582647965303,37974566199,USD,-0.1887,USD,-109.33696190004947,Electronic technology,Buy
CWAN,"Clearwater Analytics Holdings, Inc.",24.135,USD,-0.062111801242223666,2959815,0.48130797320523483,7201614941.259636,USD,-0.1371,USD,-108.3282711699672,Technology services,Neutral
INBX,"Inhibrx Biosciences, Inc.",131.45,USD,1.8518518518518414,780834,1.915648853397755,1920094915,USD,-9.0441,USD,-107.75798178043885,Health technology,Buy
GNK,Genco Shipping & Trading Limited,23.75,USD,0.9778911564625868,216780,0.4508967945434287,1028797989,USD,-0.1083,USD,-106.1875107124493,Transportation,Buy
PEB,Pebblebrook Hotel Trust,14.16,USD,1.4326647564469863,2085562,0.8991944358005995,1605862732,USD,-0.9038,USD,-105.78324225865212,Finance,Neutral
H,Hyatt Hotels Corporation,163.96,USD,-0.18263728235722815,656940,0.6900972521211912,15437157359.999998,USD,-0.551,USD,-104.42901122927167,Consumer services,Buy
AGRO,Adecoagro S.A.,13.05,USD,2.1126760563380387,738950,1.5619502252712458,1846127985.9999998,USD,-0.035,USD,-103.90843104410945,Process industries,Buy
ACLX,"Arcellx, Inc.",115.07,USD,0.0347735373380788,14666268,1.2200265791835612,6729272021,USD,-4.0547,USD,-103.49811794228361,Health technology,Neutral
JXN,Jackson Financial Inc.,114.31,USD,1.0430478210907865,443004,0.7652619415249793,8045793145,USD,-0.3378,USD,-102.9519456800049,Finance,Neutral
BCAX,Bicara Therapeutics Inc.,22.475,USD,-0.7726269315673164,292910,0.8066995352512841,1471375029.9999998,USD,-2.5226,USD,-101.8887555022009,Health technology,Strong buy
LSCC,Lattice Semiconductor Corporation,119.23,USD,-2.907166123778496,2883313,0.660800553522117,16318940843.999998,USD,0.0218,USD,-95.06564056133998,Electronic technology,Buy
GTLS,"Chart Industries, Inc.",207.57,USD,-0.13471253307673858,1147641,0.772291621930544,9935461481,USD,0.2584,USD,-93.7736440085781,Producer manufacturing,Neutral
PRSU,"Pursuit Attractions and Hospitality, Inc.",41.24,USD,0.14570179698883506,152594,0.7694002482534061,1132007715,USD,0.8396,USD,-93.08498809886588,Consumer services,Strong buy
ON,ON Semiconductor Corporation,98.04,USD,-0.3658536585365848,9898445,0.9421446709255835,38561808953,USD,0.3338,USD,-90.81275975008944,Electronic technology,Buy
ESOA,Energy Services of America Corporation,16.05,USD,2.490421455938701,122557,0.41734827478847236,295304551,USD,0.1346,USD,-90.66185652837518,Industrial services,Strong buy
CVLG,"Covenant Logistics Group, Inc.",34.95,USD,2.5829175227472927,221007,1.1462217300060038,876652382,USD,0.1482,USD,-89.30658777689587,Transportation,Buy
CAPR,"Capricor Therapeutics, Inc.",35.1,USD,-0.4819960306209291,993670,0.39173176231363005,2030187532,USD,-2.2564,USD,-88.47310390912129,Health technology,Strong buy
CENX,Century Aluminum Company,61.63,USD,1.465261771485019,888933,0.6875261821214946,6099770487,USD,0.3955,USD,-87.70440838152086,Non-energy minerals,Strong buy
MTW,"Manitowoc Company, Inc. (The)",13.41,USD,-0.44543429844098364,123687,0.5683449408954111,481529561,USD,0.1928,USD,-87.67026923322886,Producer manufacturing,Strong sell
PL,Planet Labs PBC,35.45,USD,0.028216704288953492,7772578,0.9311701018723562,12270982612,USD,-0.7881,USD,-86.8421052631579,Technology services,Buy
AVBP,"ArriVent BioPharma, Inc.",30.33,USD,-0.29585798816569164,683669,1.148916906299089,1340635191.9999998,USD,-4.4602,USD,-86.21409485637945,Health technology,Strong buy
CMPR,Cimpress plc,83.04,USD,1.305355617909,103530,0.5063993195294717,2016642248,USD,0.8995,USD,-85.09478358851992,Commercial services,Strong buy
FSTR,L.B. Foster Company,31.81,USD,-0.6868560724321024,88650,4.408493139047009,332687757.99999994,USD,0.6903,USD,-82.32221055596813,Producer manufacturing,Neutral
GFF,Griffon Corporation,94.34,USD,1.4081479092765798,475420,1.0383236954994035,4394278749,USD,0.9149,USD,-81.35330683786813,Producer manufacturing,Strong buy
CGON,"CG Oncology, Inc.",66.82,USD,-2.7082119976703747,758010,0.9714311873687228,5641960276,USD,-2.0823,USD,-80.12975778546715,Health technology,Strong buy
AXTI,AXT Inc,70.15,USD,-7.891281512605031,9997759,3.097084640731993,3898854792,USD,-0.4892,USD,-79.12852435005493,Electronic technology,Buy
KNX,Knight-Swift Transportation Holdings Inc.,64.69,USD,-0.782208588957063,2440283,0.8022938344559495,10509399051,USD,0.209,USD,-77.5172117039587,Transportation,Buy
DAR,Darling Ingredients Inc.,60.35,USD,0.2824858757062175,2155498,1.023997222520057,9579308036,USD,0.3904,USD,-77.39432541980312,Consumer non-durables,Strong buy
NOV,NOV Inc.,20.82,USD,1.560975609756099,6171276,0.9500071870798564,7508336288.000001,USD,0.3767,USD,-76.57920915195226,Industrial services,Neutral
ST,Sensata Technologies Holding plc,42.25,USD,1.3432477812425097,2390720,0.9863373720547033,6160030788,USD,0.1993,USD,-76.57223463030445,Electronic technology,Buy
SRZN,"Surrozen, Inc.",29.95,USD,6.432125088841502,112095,1.8721631197427004,344026875,USD,-37.1111,USD,-74.49348548751874,Health technology,Strong buy
TSAT,Telesat Corporation,46.36,USD,-2.788844621513941,178429,1.502750347519779,686506823.0328698,USD,-7.75816998,USD,-74.22932470810923,Communications,Buy
SBLK,Star Bulk Carriers Corp.,24.58,USD,1.444490301279397,844006,0.5529659097760921,2798370131,USD,0.738,USD,-74.21834061135371,Transportation,Strong buy
MUR,Murphy Oil Corporation,39.36,USD,0.9230769230769216,1127226,0.7143589374354703,5642205879,USD,0.7207,USD,-73.18126000074425,Energy minerals,Neutral
GXO,"GXO Logistics, Inc.",57.15,USD,1.5638883952372409,1130602,0.7663057167983183,6555881115.999999,USD,0.3027,USD,-72.87391343310333,Transportation,Strong buy
ASC,Ardmore Shipping Corporation,16.98,USD,1.3126491646777974,621310,0.7835204424189681,692828338,USD,0.8855,USD,-71.05736231410361,Transportation,Strong buy
HUN,Huntsman Corporation,13.72,USD,0.7342143906020663,3662319,0.7568295094038258,2386952622,USD,-1.5921,USD,-68.90515595162317,Process industries,Neutral
BAND,Bandwidth Inc.,24.11,USD,-0.04145936981758525,389853,1.3264486589486786,771874002,USD,-0.4324,USD,-66.49980747015789,Technology services,Strong buy
RVMD,"Revolution Medicines, Inc.",131.67,USD,-2.68292682926831,4816531,1.46742009067951,27484372215.999996,USD,-5.9165,USD,-65.84442887175894,Health technology,Strong buy
MPWR,"Monolithic Power Systems, Inc.",1587.57,USD,-2.726002720488218,608464,0.7847497863624026,77978260670,USD,12.7429,USD,-65.3459988360646,Electronic technology,Buy
GIII,"G-III Apparel Group, LTD.",31.68,USD,1.020408163265307,290575,0.6036280300168244,1336556570,USD,1.4972,USD,-64.99333629498001,Consumer non-durables,Buy
FANG,"Diamondback Energy, Inc.",196.42,USD,0.8367986036244137,1640666,1.2005002979328705,55255244884,USD,5.6397,USD,-64.28309056364787,Energy minerals,Buy
ARCB,ArcBest Corporation,126.74,USD,3.4612244897959146,593743,0.6949486370894024,2825770033,USD,2.6171,USD,-64.14833283103647,Transportation,Buy
CAMT,Camtek Ltd.,190.92,USD,-5.950738916256164,433248,0.5691269065035676,8749506998.000002,USD,0.9162,USD,-62.61628855883794,Electronic technology,Buy
BE,Bloom Energy Corporation,234.68,USD,1.5798814006838964,7118310,0.7161227401380772,66275999076.99999,USD,-0.3809,USD,-61.6723259762309,Electronic technology,Buy
BHE,"Benchmark Electronics, Inc.",69.26,USD,-0.37399309551206983,387264,0.8755056455235384,2484843663,USD,0.6856,USD,-60.4248441468483,Electronic technology,Buy
CLDX,"Celldex Therapeutics, Inc.",33.66,USD,1.1114448783418367,851876,1.055578688989569,2641067820.0000005,USD,-3.8953,USD,-59.29742771848036,Health technology,Strong buy
MSGE,Madison Square Garden Entertainment Corp.,64.22,USD,1.1976047904191585,375859,0.7526522942735864,3035894297.0000005,USD,1.0776,USD,-58.93762146096102,Consumer services,Buy
SWBI,"Smith & Wesson Brands, Inc.",15.2,USD,1.3333333333333286,432450,0.6369453745524806,676304957,USD,0.2679,USD,-58.79095523765574,Electronic technology,Strong buy
DNTH,"Dianthus Therapeutics, Inc.",87.16,USD,-0.2631880077812152,599276,0.7696054956212183,4745754872.000001,USD,-4.113,USD,-58.36285230247962,Health technology,Strong buy
HTLD,"Heartland Express, Inc.",13.27,USD,1.8419033000767477,684374,0.5572129475821531,1027924393,USD,-0.5593,USD,-54.24710424710426,Transportation,Sell
NE,Noble Corporation plc A,53.6,USD,8.195397658457816,3227525,0.5809074402449628,8547775843,USD,1.4232,USD,-52.52518513576623,Industrial services,Neutral
SHIP,Seanergy Maritime Holdings Corp.,14.29,USD,2.1443888491779766,343428,0.922663928407871,301720454.00000006,USD,0.9964,USD,-52.43914081145585,Transportation,Strong buy
VECO,Veeco Instruments Inc.,49.74,USD,-3.8468973516334724,1689051,1.2638753616996887,3003897716.9999995,USD,0.5914,USD,-51.90696917947467,Electronic technology,Neutral
GM,General Motors Company,77.96,USD,-0.11531069827034389,8322669,0.555450663733404,70473336306,USD,3.0106,USD,-50.998551408714334,Consumer durables,Buy
CRI,"Carter's, Inc.",38.25,USD,2.8225806451612825,956193,0.7203019641390396,1410562426,USD,2.5184,USD,-50.881572788266496,Retail trade,Neutral
GNRC,Generac Holdings Inc.,220.3,USD,-0.285158194903361,957329,0.5070313774435716,12926284873,USD,2.6873,USD,-50.208445276166835,Producer manufacturing,Buy
NUVL,"Nuvalent, Inc.",104.04,USD,-0.4401913875598026,491390,1.032277064491885,8179312901,USD,-5.8504,USD,-49.508062661317105,Health technology,Strong buy
PCVX,"Vaxcyte, Inc.",59.72,USD,0.3866195999327565,1007036,0.6559450221657406,8594924336,USD,-5.7051,USD,-47.053819981441386,Health technology,Strong buy
AXGN,"Axogen, Inc.",39.39,USD,0.3566878980891734,1546452,1.0133087107537357,2044249669.9999998,USD,-0.3387,USD,-47.005208333333336,Health technology,Strong buy
OUT,OUTFRONT Media Inc.,30.38,USD,1.1992005329780129,1394609,0.6570158035539962,5348404044,USD,0.7914,USD,-46.631600242767554,Finance,Strong buy
VPG,"Vishay Precision Group, Inc.",58.58,USD,-3.365225998020454,227652,1.0248135681703623,778962289.0000001,USD,0.3955,USD,-46.35105805751492,Electronic technology,Strong buy
STNG,Scorpio Tankers Inc.,79.74,USD,1.7481179022585047,1013630,0.9042952987508271,4127564817.9999995,USD,7.0731,USD,-45.79086129462438,Transportation,Strong buy
ASRT,"Assertio Holdings, Inc.",18.04,USD,0,107286,5.503752269536303,116270717,USD,-4.925,USD,-45.03636952616543,Health technology,Neutral
XENE,Xenon Pharmaceuticals Inc.,54.26,USD,-1.7740767559739392,693981,0.6965728293762614,5177877245,USD,-4.3602,USD,-44.99201915403032,Health technology,Strong buy
PBT,Permian Basin Royalty Trust,22.29,USD,0.2248201438848953,44712,0.8873715736837818,1038910087,USD,0.3068,USD,-43.737392261140656,Miscellaneous,No rating
TPH,"Tri Pointe Homes, Inc.",46.88,USD,-0.042643923240929686,1257317,1.263706823864023,3991155100.9999995,USD,2.717,USD,-43.72993683338511,Consumer durables,Neutral
PCAR,PACCAR Inc.,127.2,USD,0.15748031496063214,4051001,0.7653770223462559,66940644291.99999,USD,4.5102,USD,-42.94424976913053,Producer manufacturing,Neutral
MBIN,Merchants Bancorp,49.78,USD,1.6748366013071903,105482,0.6665615328040323,2287991622,USD,3.7772,USD,-40.170750637542966,Finance,Buy
LSTR,"Landstar System, Inc.",180.13,USD,0.6200424533571585,397862,0.7524002663988668,6118495633,USD,3.3079,USD,-40.00253926796532,Transportation,Neutral
LBRT,Liberty Energy Inc.,32.85,USD,0.3359804520464246,5917599,0.7236858668487728,5360837948.000001,USD,0.9114,USD,-39.582366589327144,Industrial services,Buy
IMXI,"International Money Express, Inc.",15.92,USD,-0.12547051442910648,126535,0.7185093240807877,479776777,USD,1.0869,USD,-39.49902588366268,Commercial services,Neutral
MOD,Modine Manufacturing Company,244.95,USD,-2.6817640047675804,975027,0.6581591929983479,12916505697,USD,1.8012,USD,-39.41677037435674,Producer manufacturing,Strong buy
DSGN,"Design Therapeutics, Inc.",12.81,USD,2.234636871508389,318418,1.2619529372512266,790021876.0000001,USD,-1.2186,USD,-39.07783611047705,Health technology,Strong buy
NSA,National Storage Affiliates Trust,42.905,USD,-0.9808446803600213,1064918,0.5209053389582196,5755964708,USD,0.6945,USD,-38.84290243043325,Finance,Neutral
ADM,Archer-Daniels-Midland Company,70.55,USD,1.9066878520872355,4208781,0.7091205130564256,33997698374.868153,USD,2.2285,USD,-38.31654118689106,Process industries,Neutral
YOU,"Clear Secure, Inc.",54.74,USD,-0.1277139208173696,829950,0.7611584546938647,7389374533,USD,1.1153,USD,-38.20025489000942,Technology services,Buy
ACLS,"Axcelis Technologies, Inc.",137.46,USD,-3.9614336617061325,642594,0.9314357138806493,4224142011,USD,3.7962,USD,-38.19578985070739,Producer manufacturing,Buy
GPRE,"Green Plains, Inc.",16.46,USD,3.3919597989949803,832144,0.6677039290718925,1149547313,USD,-1.8994,USD,-37.757470263997675,Process industries,Buy
FLNG,FLEX LNG Ltd.,31.42,USD,1.4202711426726962,405598,0.8208565297346471,1668790775,USD,1.3831,USD,-36.546313712896264,Transportation,Sell
NESR,National Energy Services Reunited Corp,24.83,USD,1.5957446808510516,1673855,1.3236142043984207,2502789619.0000005,USD,0.5155,USD,-35.29559432659722,Industrial services,Strong buy
LION,Lionsgate Studios Corp,12.24,USD,7.086614173228351,6431701,1.36035286462283,3551891945,USD,-0.8751,USD,-35.23412146499768,Consumer services,Buy
NPO,Enpro Inc.,293.12,USD,-0.46521104281979164,260754,1.3635961811924753,6192167724.000001,USD,1.8984,USD,-35.010783608914444,Producer manufacturing,Strong buy
CELC,Celcuity Inc.,125.68,USD,3.8420226390151244,995442,0.6573438466615452,6074953649,USD,-3.7867,USD,-34.70527551492298,Health technology,Strong buy
INVX,"Innovex International, Inc.",28.05,USD,0.5376344086021582,470404,0.7421108537169577,1923211457.0000002,USD,1.2012,USD,-34.090534979423865,Industrial services,Buy
OXY,Occidental Petroleum Corporation,57.27,USD,0.29772329246935497,7551965,1.0477664739496657,56794384010,USD,1.6187,USD,-33.909031520496484,Energy minerals,Neutral
RAPP,"Rapport Therapeutics, Inc.",35.4,USD,-3.172866520787756,246809,0.6606101124491642,1691870220.9999998,USD,-2.865,USD,-33.822224298192374,Health technology,Strong buy
RNGR,"Ranger Energy Services, Inc.",18.43,USD,0.6004366812227043,435428,1.0145372944894728,440675401,USD,0.54,USD,-33.7260677466863,Industrial services,Buy
TYRA,"Tyra Biosciences, Inc.",36.92,USD,-1.7823889332269263,882830,1.830548076515854,1988773788,USD,-2.0122,USD,-33.43501326259947,Health technology,Strong buy
SRRK,Scholar Rock Holding Corporation,46.29,USD,-0.40877796901892804,1268223,0.7328592570424456,5317938562.999999,USD,-3.4256,USD,-33.29701544807192,Health technology,Strong buy
BBIO,"BridgeBio Pharma, Inc.",74.52,USD,1.6921397379912593,3015943,0.62058835640714,14446660367,USD,-3.7842,USD,-32.900189646695225,Health technology,Strong buy
BG,Bunge Limited,124.04,USD,-0.6885508406725376,1932562,0.667334961615084,24040243377.999996,USD,5.4337,USD,-32.78368114400227,Process industries,Buy
TEX,Terex Corporation,62.67,USD,0.1278159450391409,1009828,0.724908435781957,7125578601,USD,3.3386,USD,-32.579413962317496,Producer manufacturing,Buy
NVRI,Enviri Corporation,19.35,USD,0.20714655618851735,622072,0.6618967813890945,1600332516,USD,-2.1123,USD,-32.31646203958906,Industrial services,Buy
EA,Electronic Arts Inc.,202.45,USD,-0.10855084620318689,1833163,0.46545756548000045,50663865487,USD,2.6635,USD,-32.223013893836836,Technology services,Neutral
ONTO,Onto Innovation Inc.,298.28,USD,-3.111804066783616,960663,0.6758517222458331,14837510389.999998,USD,2.7764,USD,-31.63260280719034,Electronic technology,Strong buy
WTTR,"Select Water Solutions, Inc.",16.52,USD,-1.3142174432496945,1685983,1.5853115797074078,2280827115.9999995,USD,0.2063,USD,-31.302031302031303,Energy minerals,Strong buy
PRAX,"Praxis Precision Medicines, Inc.",330.99,USD,-4.010788237341217,358602,0.49216009823002455,9218346607,USD,-13.4667,USD,-31.175118349535367,Health technology,Strong buy
AVT,"Avnet, Inc.",78.6,USD,-0.06357279084553258,1692537,1.0551149076556752,6434429195,USD,2.4419,USD,-30.785147392290252,Distribution services,Neutral
APGE,"Apogee Therapeutics, Inc.",86.47,USD,1.0045555425768011,970536,0.6106452173383038,6008389290.999999,USD,-4.2149,USD,-30.451872485298676,Health technology,Strong buy
SAIA,"Saia, Inc.",444.32,USD,0.4249163728415142,354758,0.7286284140404063,11849801913,USD,9.5201,USD,-29.536067976255687,Transportation,Neutral
KOD,Kodiak Sciences Inc,44.11,USD,-1.6280107047279304,520120,0.9979668068700441,2728109578,USD,-4.3234,USD,-29.01820352133693,Health technology,Strong buy
CMI,Cummins Inc.,660.8,USD,0.007567158531964362,674554,0.6996574950621962,91299744184.44867,USD,20.5119,USD,-27.18090903604406,Producer manufacturing,Buy
INSW,"International Seaways, Inc.",80.6,USD,1.3199245757385256,542696,0.7362328785165326,3983859942.0000005,USD,6.2352,USD,-25.75375089306978,Transportation,Strong buy
PHVS,Pharvaris N.V.,28.71,USD,0.2794271742927064,172306,0.8369716956868529,1839037399.0000002,USD,-3.3691,USD,-25.273295158771468,Health technology,Strong buy
NVTS,Navitas Semiconductor Corporation,18.3,USD,5.902777777777775,32853525,0.9117227631193728,4223507522,USD,-0.5698,USD,-24.76461572148018,Electronic technology,Neutral
KYMR,"Kymera Therapeutics, Inc.",86.68,USD,2.084560122482641,513596,0.4851050720307694,7076762164.000001,USD,-3.6792,USD,-23.995686168778636,Health technology,Strong buy
GILT,Gilat Satellite Networks Ltd.,17.37,USD,-0.28702640642939553,383028,0.643817246088,1313935102,USD,0.3321,USD,-23.795318953648465,Electronic technology,Strong buy
HAL,Halliburton Company,40.12,USD,-0.5946481665014915,14331792,0.9309152484043978,33516159268.11662,USD,1.8226,USD,-23.638344226579523,Industrial services,Buy
FRO,Frontline Plc,35.99,USD,1.123911211014326,1879282,0.966681528081189,8012198338.999999,USD,1.7028,USD,-23.50747944836261,Transportation,Buy
LNTH,"Lantheus Holdings, Inc.",84.11,USD,-0.26087987667496604,980090,0.4240204062413858,5475779733.999999,USD,3.3669,USD,-23.0053282718562,Health technology,Strong buy
SLB,SLB Limited,55.23,USD,-1.6209476309226998,17070373,0.7586966269001749,82907591515,USD,2.2843,USD,-22.50042408821034,Industrial services,Buy
ESI,Element Solutions Inc.,40.37,USD,0.07436787307881515,3220289,0.9866134584571411,9833945955,USD,0.7866,USD,-21.87127532777115,Process industries,Strong buy
FORM,"FormFactor, Inc.",143.93,USD,-7.189837503224146,2919358,1.3782476744054704,11219981583.000002,USD,0.6952,USD,-21.641118124436424,Electronic technology,Neutral
NPKI,NPK International Inc.,16.07,USD,6.423841059602653,1373330,0.7759955750999257,1356538495.0000002,USD,0.4086,USD,-21.438184964429915,Producer manufacturing,Strong buy
SION,"Sionna Therapeutics, Inc.",39.21,USD,2.88638152715823,623684,1.5149349431508898,1764374423.9999998,USD,-1.6963,USD,-21.337625178826897,Health technology,Strong buy
APG,APi Group Corporation,49.4,USD,1.6460905349794182,1942027,0.8590162645850015,21565318298.999996,USD,-0.7539,USD,-20.450551206262983,Industrial services,Strong buy
IRM,Iron Mountain Incorporated (Delaware),112.75,USD,-2.8268551236749127,1712576,0.6682743310436589,33540737045,USD,0.4841,USD,-20.24711696869852,Finance,Buy
ETON,"Eton Pharmaceuticals, Inc.",23.45,USD,1.8679409209383133,253600,0.9592323931994492,639821325,USD,-0.1788,USD,-20.24209818426361,Health technology,Strong buy
NMM,Navios Maritime Partners LP,72.76,USD,3.4698521046644086,194012,0.9040683611492221,2077007819,USD,9.6168,USD,-19.761708092413212,Transportation,Strong buy
ENTG,"Entegris, Inc.",156.44,USD,0.2949096037953635,2867863,0.7453661308481082,23817818502,USD,1.5483,USD,-19.69398340248962,Producer manufacturing,Buy
PLSE,"Pulse Biosciences, Inc",22.65,USD,-1.6072980017376237,265479,0.9760075542726364,1539952515.9999998,USD,-1.08,USD,-19.627824545857333,Health technology,Strong buy
NWE,"NorthWestern Energy Group, Inc.",72.49,USD,1.8260991712319108,399637,0.8521379963564253,4458067119,USD,2.9432,USD,-19.446040999534723,Utilities,Neutral
NSC,Norfolk Southern Corporation,318.89,USD,-0.2564824372087183,1080675,0.7332263802374018,71620782081,USD,11.8649,USD,-18.973311844405593,Transportation,Neutral
COP,ConocoPhillips,121.68,USD,-0.06570302233902618,12215395,0.9758358164381143,148310036739,USD,6.3316,USD,-18.867247565351107,Energy minerals,Buy
XPO,"XPO, Inc.",220,USD,-1.6452074391988585,1233226,0.7218437732107351,25829829865,USD,2.6449,USD,-18.198125753873754,Transportation,Buy
TKR,Timken Company (The),108.765,USD,1.4598880597014905,514518,0.788911710493575,7589408922.840386,USD,4.1063,USD,-17.60539358308084,Producer manufacturing,Buy
NKTR,Nektar Therapeutics,86.735,USD,-5.393760907504371,1606550,0.8062027815688917,2880665165,USD,-10.2234,USD,-16.939090649127824,Health technology,Strong buy
GKOS,Glaukos Corporation,122.07,USD,0.48567665459333975,802376,0.569408479811273,7144417467,USD,-3.271,USD,-16.265017416648885,Health technology,Strong buy
ANDE,"The Andersons, Inc.",75.97,USD,0.05268010009217969,178080,0.6906202331041038,2587040755,USD,2.7965,USD,-15.788364249578422,Commercial services,Strong buy
PLOW,"Douglas Dynamics, Inc.",45.26,USD,-2.5618945102260597,607115,0.9356406247419923,1044818646,USD,1.9652,USD,-15.627683324746696,Producer manufacturing,Buy
BWA,BorgWarner Inc.,55.39,USD,-1.598863030733698,1379238,0.5251403009632937,11413745122,USD,1.2109,USD,-15.096059458701433,Producer manufacturing,Buy
CAT,"Caterpillar, Inc.",828.79,USD,-0.24073472237268143,1987044,0.6541660523628472,385625495497,USD,18.8265,USD,-14.698739499605809,Producer manufacturing,Buy
ATEN,"A10 Networks, Inc.",27.69,USD,0.47169811320755645,734076,1.1530074983672731,1986036515,USD,0.5739,USD,-14.048225250861165,Technology services,Buy
MG,Mistras Group Inc,18.93,USD,0.10576414595451916,123334,0.8593003786105446,602289778.9999999,USD,0.5245,USD,-13.190996358821582,Industrial services,Strong buy
KALV,"KalVista Pharmaceuticals, Inc.",19.16,USD,-2.3942944472745737,1015277,0.7694702558769256,981422870,USD,-3.9996,USD,-13.142857142857139,Health technology,Strong buy
WHD,"Cactus, Inc. Class A Common Stock",56.94,USD,0.28178936245156144,695609,0.9896573166495737,4565099658.000001,USD,2.4041,USD,-13.134123428241065,Industrial services,Buy
ZD,"Ziff Davis, Inc.",48.23,USD,3.6312849162011127,510766,0.6607003472699646,1824881339,USD,1.1067,USD,-12.789598108747038,Technology services,Buy
PR,Permian Resources Corporation,20.63,USD,0.6341463414634099,14538856,0.8666483343756975,17878233766,USD,1.2485,USD,-12.508759635599166,Energy minerals,Strong buy
RUSHA,"Rush Enterprises, Inc.",76.2,USD,1.708489054991993,494298,0.6613318764480739,6005311578,USD,3.27,USD,-12.240680604385286,Retail trade,Buy
HLF,Herbalife Ltd.,16.46,USD,-0.7237635705669327,736293,0.5489407749927635,1702126305.0000002,USD,2.1991,USD,-11.923261775072087,Consumer non-durables,Buy
TEN,Tsakos Energy Navigation Ltd,39.8,USD,1.349630761395452,202265,0.8430522778432159,1172087310,USD,4.4536,USD,-11.872724394491065,Transportation,Strong buy
HASI,"HA Sustainable Infrastructure Capital, Inc.",41.77,USD,0.04790419161677395,683786,0.5690749355867454,5338250482.000001,USD,1.3658,USD,-11.815599173553723,Finance,Strong buy
ODFL,"Old Dominion Freight Line, Inc.",220.53,USD,0.250022729339036,2639637,0.7267899730113657,45934663068,USD,4.837,USD,-11.691678533610846,Transportation,Neutral
ALSN,"Allison Transmission Holdings, Inc.",133.69,USD,-1.3430743118588984,883280,0.6830786587700948,11113573038,USD,7.3376,USD,-11.665422675944424,Producer manufacturing,Neutral
SNDR,"Schneider National, Inc.",30.56,USD,0.9247027741083143,797324,1.0509530297266705,5358283787.999999,USD,0.5891,USD,-11.346877351392028,Transportation,Buy
PRE,Prenetics Global Limited,19.62,USD,7.037643207855989,357655,0.8498350702890718,330173951.00000006,USD,-4.1132,USD,-11.023537033038217,Finance,Strong buy
MGY,Magnolia Oil & Gas Corporation,29.32,USD,0.2735978112175166,1618278,0.722839402777009,5605380648,USD,1.7255,USD,-11.015419524521686,Energy minerals,Buy
TNK,Teekay Tankers Ltd.,77.71,USD,2.3307874637871953,406608,0.933677686422729,2692174128,USD,10.0946,USD,-10.8148462279237,Transportation,Buy
NTRS,Northern Trust Corporation,167.81,USD,2.3169318943966903,1407780,0.7551843132573539,31098703611,USD,9.5571,USD,-10.796356101476606,Finance,Neutral
NUE,Nucor Corporation,215,USD,0.33132670679920107,1414388,0.7260247617260654,48971541672,USD,7.5352,USD,-10.321927997619758,Non-energy minerals,Buy
VLO,Valero Energy Corporation,238.25,USD,1.017595929616284,2299140,0.8557803026993387,71225705635.00002,USD,7.6473,USD,-9.890770264060238,Energy minerals,Buy
STEL,"Stellar Bancorp, Inc.",37.56,USD,0.7510729613733936,236172,0.7649260265101152,1912205884,USD,1.9862,USD,-9.6113588786748,Finance,Buy
FLEX,Flex Ltd.,90.08,USD,-1.4549830434306952,3699007,0.6912734612627126,33120070107,USD,2.234,USD,-9.55831747702522,Electronic technology,Strong buy
LEA,Lear Corporation,125.61,USD,-2.1119077306733116,613627,0.6704198077251966,6359252571,USD,8.1362,USD,-9.039889097576246,Producer manufacturing,Buy
DVN,Devon Energy Corporation,48.2,USD,0.5633215105362052,8762550,1.115402601360787,29932200474.000004,USD,4.1752,USD,-8.676917692862924,Energy minerals,Buy
DFTX,"Definium Therapeutics, Inc.",20.98,USD,-6.672597864768683,2006882,1.121705201104154,2091666834.9999998,USD,-2.0691,USD,-8.517333613048727,Health technology,Strong buy
UNF,Unifirst Corporation,258.21,USD,-0.7762364062560191,226023,0.9581936187190477,4485806128,USD,7.376,USD,-8.310025483249413,Consumer services,Neutral
VIAV,Viavi Solutions Inc.,44.92,USD,-5.926701570680624,6269777,1.260198311546708,10394008876,USD,-0.1897,USD,-8.21448944666286,Technology services,Strong buy
TGT,Target Corporation,129.72,USD,0.3558718861210026,5824301,0.5750975803932024,58744427794.00001,USD,8.134,USD,-8.183767919629751,Retail trade,Neutral
GOLF,Acushnet Holdings Corp.,96.87,USD,-1.2538226299694086,362278,0.6540326564287341,5672742230,USD,3.0919,USD,-7.367128048415131,Consumer durables,Neutral
RPRX,Royalty Pharma plc,49.65,USD,0.5467800729040015,4114276,0.6289879111609334,28647414832,USD,1.7806,USD,-7.144347100542345,Health technology,Buy
COHU,"Cohu, Inc.",46.19,USD,-1.5768165352652928,1976193,1.4766942493646673,2170268477,USD,-1.59,USD,-6.775904909005439,Electronic technology,Strong buy
FERG,Ferguson Enterprises Inc.,264.45,USD,0.32626427406199543,1213505,0.7987609077839043,51407218401.91299,USD,7.7674,USD,-6.681083678740903,Distribution services,Buy
RCUS,"Arcus Biosciences, Inc.",24.95,USD,-2.1568627450980418,1141548,0.8801063681240853,3127469614,USD,-3.3003,USD,-6.499080318822808,Health technology,Buy
VSCO,Victorias Secret & Co.,52.54,USD,-0.4547176960970102,1421290,0.6140638046212842,4227737205.9999995,USD,1.852,USD,-5.798575788402842,Retail trade,Buy
GHRS,GH Research PLC,19.595,USD,-3.234567901234574,256212,0.7236921934360178,1215465973,USD,-0.79,USD,-5.502136752136754,Health technology,Strong buy
FITB,Fifth Third Bancorp,50.33,USD,1.349174385823604,5056016,0.756437812089218,45577011434,USD,2.9819,USD,-5.285392116380265,Finance,Buy
PLPC,Preformed Line Products Company,353.46,USD,0.652105817695123,129514,1.4762045351428577,1730842283.0000002,USD,7.1391,USD,-4.7675581938237865,Producer manufacturing,Strong buy
TOL,"Toll Brothers, Inc.",147.38,USD,0.5046372067648726,783405,0.5866364195519507,13957917826.02253,USD,13.9971,USD,-3.6596277738010072,Consumer durables,Buy
SGML,Sigma Lithium Corporation,20.71,USD,5.180294565769423,2188080,0.8193612051184048,2307155578.177754,USD,-0.45388705999999995,USD,-3.2351647873759966,Non-energy minerals,Strong buy
ITT,ITT Inc.,216.96,USD,-0.7593083889854526,508818,1.1414670816887145,19396799311,USD,6.1095,USD,-3.0207308168513376,Producer manufacturing,Buy
CSX,CSX Corporation,45.46,USD,0.11010790574764208,10648536,0.7066195970002755,84470993421.00002,USD,1.6349,USD,-2.5801453938743832,Transportation,Buy
IMVT,"Immunovant, Inc.",28.62,USD,0.1399580125962306,934894,0.8749881976187838,5825091185,USD,-2.6823,USD,-2.5304843087038056,Health technology,Buy
SXI,Standex International Corporation,269.6,USD,-1.364650788424235,268938,1.2798188849813508,3267210600,USD,4.4678,USD,-2.462559490023122,Electronic technology,Strong buy
ULS,UL Solutions Inc.,88.59,USD,-1.7740325978489795,472512,0.5643630593360838,17824453904,USD,1.5945,USD,-2.1539027982326897,Commercial services,Buy
CLH,"Clean Harbors, Inc.",307.33,USD,-0.5372342146995129,395076,0.8576929880743628,16384825347.000002,USD,7.2795,USD,-1.8908865468072016,Industrial services,Buy
AAMI,Acadian Asset Management Inc.,68.18,USD,0.5901445854234372,276153,1.0822263143582025,2435564472,USD,2.2093,USD,-1.0436262653408725,Finance,Neutral
UTI,Universal Technical Institute Inc,36.18,USD,1.9442096365173225,322991,0.558897868991888,1990641988.9999998,USD,0.9648,USD,-0.8223684210526322,Commercial services,Strong buy
IDCC,"InterDigital, Inc.",362.24,USD,-1.698778833107189,337676,0.7039538915843726,9304773746.000002,USD,11.9394,USD,-0.8075370121130622,Technology services,Buy
MATX,"Matson, Inc.",176.73,USD,2.559192200557101,293948,0.5829701009503181,5376004458.000001,USD,13.9377,USD,-0.7427716849451665,Transportation,Strong buy
PLAB,"Photronics, Inc.",51.4,USD,-1.6644346661565037,772866,0.7702604529906633,3030872860.9999995,USD,2.3409,USD,-0.7251908396946614,Electronic technology,Strong buy
FOR,Forestar Group Inc,28.36,USD,0.8534850640113741,129438,0.8155189984192949,1446607774,USD,3.2772,USD,-0.6909090909090821,Finance,Buy
CRC,California Resources Corporation,65.3,USD,0.8649984553599048,428217,0.6477645223052713,5794519862,USD,4.0842,USD,-0.6325726242031969,Energy minerals,Buy
HXL,Hexcel Corporation,92.3,USD,3.2553976954916615,1150601,0.9553277463232565,6961929411,USD,1.507,USD,-0.5543090933087096,Electronic technology,Buy
HLT,Hilton Worldwide Holdings Inc.,332.45,USD,-0.9563248525293558,2203709,0.7002344282622711,76063214447,USD,6.117,USD,-0.4426939227238643,Consumer services,Buy
WCC,"WESCO International, Inc.",315.57,USD,-0.3505115574081134,556838,0.6703963508906393,15356240818.000002,USD,13.0587,USD,-0.13306719893546473,Distribution services,Buy
ENS,EnerSys,210.54,USD,0.5924510272336266,190774,0.5581656923507856,7758688366.999999,USD,8.0783,USD,-0.061855925179060606,Producer manufacturing,Buy
MUSA,Murphy USA Inc.,517.64,USD,-2.5692183176796055,419917,0.9113464060856246,9576423206,USD,24.2871,USD,0.3565997818253852,Retail trade,Buy
WMS,"Advanced Drainage Systems, Inc.",152.5,USD,0.3421502829319715,654909,1.182771580956422,11879076576,USD,6.0159,USD,0.6171600602107401,Producer manufacturing,Strong buy
ALGN,"Align Technology, Inc.",184.7,USD,-2.5895258688887846,1484606,0.6238523115854436,13227709813,USD,5.6586,USD,0.6277452741272819,Health technology,Buy
XPRO,Expro Group Holdings N.V.,17.8,USD,0.2252252252252204,953034,0.7950781397447508,2018349508.0000002,USD,0.4462,USD,1.1103557670518829,Energy minerals,Neutral
NSSC,"NAPCO Security Technologies, Inc.",46.09,USD,0.39207144412983413,289327,0.6095209823920884,1643768778,USD,1.3196,USD,1.1652867218644665,Commercial services,Strong buy
ANRO,"Alto Neuroscience, Inc.",24.27,USD,-1.0195758564437194,185315,0.4523387825634195,775317656,USD,-2.2449,USD,1.5178767273524976,Health technology,Strong buy
WFRD,Weatherford International plc,109.69,USD,1.0595172286714496,1383222,1.0801699839367471,7889489746.000001,USD,6.3996,USD,1.7974739923010918,Industrial services,Buy
RKLB,Rocket Lab Corporation,82.29,USD,3.2756024096385534,19386338,0.9258036401177367,47379894441,USD,-0.3758,USD,1.9566918862509657,Electronic technology,Buy
ELVN,"Enliven Therapeutics, Inc.",44.9,USD,1.468926553672313,629657,1.176187613519337,2734185955.9999995,USD,-1.8579,USD,2.236371290254682,Health technology,Strong buy
AMAL,Amalgamated Financial Corp.,41.64,USD,2.8402074586317574,180481,0.7600215142043877,1242964878,USD,3.4489,USD,2.3108869771581158,Finance,Buy
CLB,Core Laboratories Inc.,17.29,USD,-0.9169054441260753,273196,0.5645680012817043,796174651,USD,0.6754,USD,2.7693244065733404,Energy minerals,Neutral
NXT,Nextpower Inc.,122.58,USD,0.963676797627874,1827231,0.7186300953217225,18200169392.999996,USD,3.9142,USD,3.132822174795141,Electronic technology,Buy
R,"Ryder System, Inc.",249.48,USD,-1.5236441146285677,535425,1.0270791913944486,9652635745,USD,11.8819,USD,3.9590879661224614,Transportation,Buy
ROST,"Ross Stores, Inc.",226.17,USD,-0.08835092989354466,1321987,0.6413005334575373,72860249400,USD,6.6175,USD,4.707278481012649,Retail trade,Buy
TSEM,Tower Semiconductor Ltd.,203.33,USD,1.3912436421661618,2518308,1.4071245551582103,22723474220,USD,1.939,USD,4.748527902328351,Electronic technology,Buy
VMI,"Valmont Industries, Inc.",497.99,USD,-0.1864026296801104,170873,1.208181657919235,9734316212,USD,18.0153,USD,4.832149154199332,Producer manufacturing,Buy
TER,"Teradyne, Inc.",402,USD,-3.8461538461538423,4027079,0.6635188359683127,62936885925.00001,USD,3.483,USD,4.976039060851751,Electronic technology,Buy
SPB,"Spectrum Brands Holdings, Inc.",83.7,USD,-0.7823613086770941,230541,0.527183514666055,1941738459,USD,4.2707,USD,5.024099940979735,Consumer durables,Buy
AIP,"Arteris, Inc.",26.6,USD,-0.44910179640717607,938958,0.6868997225006686,1209429194,USD,-0.822,USD,5.091790786283342,Electronic technology,Buy
NWPX,"NWPX Infrastructure, Inc.",84.18,USD,-0.7077140835102551,61574,1.434591527980521,805958218.9999999,USD,3.5838,USD,5.297487880123399,Non-energy minerals,Neutral
AMKR,"Amkor Technology, Inc.",75.62,USD,-3.1754161331625994,6575385,1.0236100617212218,18739486159,USD,1.5043,USD,5.313637636516388,Electronic technology,Buy
LOCO,"El Pollo Loco Holdings, Inc.",13.79,USD,-0.3612716763005832,236101,0.7790485431796954,413096834,USD,0.9015,USD,5.4756054756054695,Consumer services,Buy
UNFI,"United Natural Foods, Inc.",48.12,USD,-0.06230529595015813,498059,0.4987333329998124,2923384470,USD,-1.2983,USD,5.756387921022062,Distribution services,Buy
OBK,"Origin Bancorp, Inc.",47.3,USD,1.4368432339695358,263765,1.083671453752457,1465415392.9999998,USD,2.5795,USD,5.769230769230762,Finance,Strong buy
CAC,Camden National Corporation,50.4,USD,1.4492753623188384,73441,1.0613226691095046,855598300,USD,3.8386,USD,6.097291321171922,Finance,Neutral
IBP,"Installed Building Products, Inc.",298.53,USD,-1.3352282116535086,283528,0.6815160320271456,8041900101,USD,9.7276,USD,6.830961166754523,Industrial services,Neutral
BKR,Baker Hughes Company,68.38,USD,-0.8123005512039488,14274820,0.926622781085101,67837652556.99999,USD,3.1363,USD,7.1213880729558,Industrial services,Buy
PSMT,"PriceSmart, Inc.",154.99,USD,-3.792675356921158,417680,1.0333577928233548,4788552571,USD,5.0644,USD,7.987547443387778,Retail trade,Neutral
ITRN,Ituran Location and Control Ltd.,56.87,USD,-1.4042995839112382,123423,1.1562450375471445,1131347844,USD,2.9161,USD,8.123841305153876,Communications,Strong buy
TERN,"Terns Pharmaceuticals, Inc.",52.95,USD,0.11344299489506954,4195642,2.2789937936615408,6111139148.000001,USD,-1.0326,USD,8.37622005323869,Health technology,Neutral
BLX,"Banco Latinoamericano de Comercio Exterior, S.A.",56.64,USD,0.2832861189801765,113522,0.7336460068882359,1986862420.9999998,USD,6.1061,USD,8.969394128669569,Finance,Strong buy
CGNX,Cognex Corporation,55.09,USD,1.5296719498710014,2375615,0.6925257293739646,9200793296,USD,0.6766,USD,10.034151894617008,Electronic technology,Buy
ECO,Okeanis Eco Tankers Corp.,54.24,USD,2.12765957446809,435557,1.3383904236026827,2080036943,USD,3.7361,USD,10.48647050125684,Transportation,Buy
STT,State Street Corporation,154.02,USD,2.1759320684622536,1696478,0.9617727039655772,42651987803,USD,9.8576,USD,10.70854999382307,Finance,Buy
WAB,Westinghouse Air Brake Technologies Corporation,267.22,USD,0.059911630345250134,750526,1.0629635701035178,45341178373,USD,7.0647,USD,10.73544625223361,Producer manufacturing,Buy
BKU,"BankUnited, Inc.",46.6,USD,1.991683081637128,660638,0.9726403730438767,3435351944,USD,3.5805,USD,11.427504434693306,Finance,Buy
HST,"Host Hotels & Resorts, Inc.",20.88,USD,-0.09569377990430418,6878286,0.8208718471679886,14351518998,USD,1.1027,USD,11.46265035883959,Finance,Buy
ATI,ATI Inc.,153.45,USD,-0.5250875145857657,1227446,0.8455284986539098,20940152881.999996,USD,2.8523,USD,11.688464249353911,Non-energy minerals,Strong buy
BHF,"Brighthouse Financial, Inc.",61.95,USD,-0.14506769825918167,328619,0.43506373944866183,3542554870.9999995,USD,5.806,USD,12.28653760612683,Finance,Neutral
ATMU,Atmus Filtration Technologies Inc.,62.6,USD,0.5784061696658088,523124,2.190016551520093,5112694115.000001,USD,2.5041,USD,12.721134368669837,Producer manufacturing,Buy
PWR,"Quanta Services, Inc.",637.28,USD,1.9909096728762468,1012797,0.6850830055061993,95628148954,USD,6.794,USD,12.823408283237567,Industrial services,Buy
TDY,Teledyne Technologies Incorporated,655.49,USD,1.0685210312076083,290684,0.9019917376730177,30368284835,USD,19.7597,USD,12.958400265250475,Electronic technology,Buy
STRL,"Sterling Infrastructure, Inc.",505.45,USD,1.663381471499252,336768,0.6798495465749701,15507577694.999998,USD,9.3716,USD,13.282081036650235,Industrial services,Strong buy
OSIS,"OSI Systems, Inc.",291.34,USD,-0.4340248111821327,221782,0.8608999144306125,4799112492.999999,USD,8.8184,USD,13.38639373561519,Electronic technology,Strong buy
UTHR,United Therapeutics Corporation,566.99,USD,-0.029973905070872258,242375,0.7046542200268551,24849859433.000004,USD,27.9001,USD,13.428873439850374,Health technology,Buy
PH,Parker-Hannifin Corporation,974.34,USD,-0.013340585138587688,454033,0.6894134285339953,122977817080,USD,27.4174,USD,13.432378871939996,Producer manufacturing,Buy
BOKF,BOK Financial Corporation,133.06,USD,0.3771876885938443,263877,1.0533107032345386,8084866337,USD,9.9192,USD,13.804497475906388,Finance,Neutral
MAR,Marriott International,360.67,USD,-1.7649462072722215,1354568,0.7823311341168521,95553030463,USD,9.4956,USD,14.139410767732855,Consumer services,Buy
NGS,"Natural Gas Services Group, Inc.",39.81,USD,0.35291152004033416,74058,0.7543629584560694,501113501.99999994,USD,1.574,USD,14.273268476840432,Producer manufacturing,Strong buy
KOP,Koppers Holdings Inc.,41.35,USD,2.6564051638530293,153692,0.7626492449250372,799594380.0000001,USD,2.7754,USD,14.638579099545645,Process industries,Strong buy
MCY,Mercury General Corporation,98.15,USD,1.7414740333782592,179397,0.6908987353011535,5436394111,USD,9.769,USD,15.60399507715611,Finance,Buy
CTS,CTS Corporation,55.98,USD,-1.3915800598907984,162859,0.813858360176999,1603826218,USD,2.1952,USD,15.76227390180877,Electronic technology,No rating
HUBB,Hubbell Inc,555.34,USD,0.4104362919702717,575669,0.748693251610311,29446757480,USD,16.666,USD,15.989031638433804,Producer manufacturing,Buy
OVV,Ovintiv Inc. (DE),56.94,USD,2.1711824869908503,3988110,0.7339313174727286,16133121826.999998,USD,4.8778,USD,16.15468876506167,Energy minerals,Buy
RBC,RBC Bearings Incorporated,591,USD,0.25275228579668013,210851,0.8051414992280005,18686806149,USD,8.5032,USD,16.664379990670362,Producer manufacturing,Buy
BWXT,"BWX Technologies, Inc.",222.07,USD,-0.48397938606319174,743401,0.702318151302436,20344260460,USD,3.5808,USD,16.66503763073013,Electronic technology,Buy
FN,Fabrinet,684.76,USD,-4.91953512267597,760589,0.8705299474924912,24532293232.999996,USD,10.4283,USD,16.70900809150225,Electronic technology,Buy
DHT,"DHT Holdings, Inc.",18.34,USD,1.5503875968992311,3729730,1.2833138666421169,2953503725.0000005,USD,1.3129,USD,16.85803293279929,Transportation,Buy
POWL,"Powell Industries, Inc.",260.52,USD,3.070106029435034,732192,0.6670788341171385,9489922396,USD,5.1311,USD,16.91617107571718,Producer manufacturing,Buy
DGII,Digi International Inc.,56.36,USD,-0.5294740557712623,285060,0.9351824111959196,2119765016,USD,1.121,USD,16.953573291601458,Electronic technology,Strong buy
GSL,Global Ship Lease Inc New,39.15,USD,1.582771146860403,407513,0.5733129815982437,1406199284,USD,11.3814,USD,17.155268250504374,Transportation,Buy
JBHT,"J.B. Hunt Transport Services, Inc.",250.16,USD,0.6315620097349022,679717,0.7080738132732707,23589888709,USD,6.4597,USD,17.295540383497958,Transportation,Buy
KMT,Kennametal Inc.,39.65,USD,1.1479591836734584,982326,0.7589309235595646,3021282199,USD,1.4289,USD,17.498560973604153,Producer manufacturing,Neutral
SPXC,"SPX Technologies, Inc.",222.45,USD,-0.16605331657840613,289463,0.994530672306851,11161822168,USD,5.0394,USD,17.682499649712767,Producer manufacturing,Strong buy
AA,Alcoa Corporation,67.36,USD,2.045144675049226,3658021,0.6639282916022435,17773777338.999996,USD,3.978,USD,17.748046412502962,Non-energy minerals,Buy
NDSN,Nordson Corporation,283.43,USD,0.3789488596118406,211494,0.732305261112101,15810744216.999998,USD,9.2522,USD,17.81739462625749,Producer manufacturing,Buy
ABCB,Ameris Bancorp,85.12,USD,0.2709388620567841,578265,1.1121041130866702,5811058527,USD,6.3564,USD,17.907623817473564,Finance,Buy
FDX,FedEx Corporation,387.89,USD,-0.023197072014029544,1061728,0.6491572102598783,92553175942,USD,18.7864,USD,17.954642489388956,Transportation,Buy
GCT,GigaCloud Technology Inc,45.44,USD,-2.7813436029097223,907433,0.8308385244814388,1663926054.0000002,USD,3.6087,USD,18.147590361445783,Distribution services,Buy
LWLG,"Lightwave Logic, Inc.",12.45,USD,-1.6975917883932088,5754433,3.2623069390849104,1852947552.0000002,USD,-0.1523,USD,18.512573568753353,Process industries,No rating
ESE,ESCO Technologies Inc.,321.07,USD,0.3657392935292329,305831,1.5745632124870803,8314352331,USD,5.088,USD,19.341370736970497,Electronic technology,Strong buy
EWBC,"East West Bancorp, Inc.",124.98,USD,1.8831010026901462,920754,0.9168120891959425,17119602040.999998,USD,10.0181,USD,19.49924851492235,Finance,Buy
QCRH,"QCR Holdings, Inc.",91.19,USD,3.167779160538519,151989,0.8983424336221695,1526821869,USD,7.9695,USD,19.874552510453956,Finance,Buy
PKE,Park Aerospace Corp.,33.92,USD,2.322775263951744,146160,1.195501512983801,675883046.0000001,USD,0.4335,USD,20.316402997502077,Electronic technology,Strong buy
SNEX,StoneX Group Inc.,106.14,USD,0,505668,0.948820244778987,8352684789.999999,USD,4.4713,USD,20.31914321080674,Finance,Strong buy
CCNE,CNB Financial Corporation,30.8,USD,2.088167053364266,127114,1.0265308831010103,912764917,USD,2.8054,USD,20.336293055376824,Finance,Buy
FTI,TechnipFMC plc,75.12,USD,0.4815409309791324,3685374,0.6551608571279384,30051377922,USD,2.3076,USD,20.3630294179011,Industrial services,Buy
GTX,Garrett Motion Inc.,20.89,USD,-0.5711565920990052,1916682,0.5359164469996038,3934186210,USD,1.5287,USD,20.455440863604135,Producer manufacturing,Buy
VSAT,"ViaSat, Inc.",58.66,USD,-5.371834166801105,1633935,0.4713521997673577,7967870234,USD,-2.5988,USD,20.586707410236816,Electronic technology,Buy
NBN,Northeast Bank,123.57,USD,3.1727477665525567,134535,0.8886645131864465,985803119.0000001,USD,10.3632,USD,20.693189229479195,Finance,Buy
DY,"Dycom Industries, Inc.",416.01,USD,1.2879820802493094,507647,0.8587927018399935,12488038272,USD,9.5925,USD,21.16791087195422,Industrial services,Strong buy
AMPX,"Amprius Technologies, Inc.",21.42,USD,3.678606001936116,5461047,0.8548338009560402,2934946930,USD,-0.3472,USD,21.323362791751645,Producer manufacturing,Strong buy
DAL,"Delta Air Lines, Inc.",68.2,USD,-0.3797838153666242,6457221,0.9876949425819274,44806998385.99999,USD,6.8485,USD,21.407931358471153,Transportation,Strong buy
CASY,"Caseys General Stores, Inc.",804.5,USD,0.6190982427615591,352355,2.117836854853728,29733539757,USD,17.4215,USD,21.409257529931583,Retail trade,Buy
IMKTA,"Ingles Markets, Incorporated",90.03,USD,-0.7277538868673465,121233,0.9414536623393172,1673683387.9999998,USD,5.0379,USD,21.585616025099533,Retail trade,No rating
CW,Curtiss-Wright Corporation,717.16,USD,-0.05156578819004146,119477,0.7263103475193132,26468347310.000004,USD,12.8712,USD,21.941791723510697,Electronic technology,Buy
LQDT,"Liquidity Services, Inc.",35.21,USD,0.9171682430495851,133483,0.6329610912581094,1091998746,USD,0.9188,USD,21.95380939739846,Retail trade,Strong buy
BURL,"Burlington Stores, Inc.",326.32,USD,-1.642704283087678,789447,0.5494296470579298,20502773795.000004,USD,9.5237,USD,22.198983781564362,Retail trade,Buy
BLBD,Blue Bird Corporation,64.46,USD,-0.8460236886632999,458374,0.6092277295423739,2036413960,USD,3.9649,USD,22.67256582407723,Consumer durables,Strong buy
FLS,Flowserve Corporation,87.92,USD,5.647680845950496,5864597,0.9180572197449671,11235772898,USD,2.6237,USD,22.82089691976406,Producer manufacturing,Buy
STLD,"Steel Dynamics, Inc.",225.04,USD,-0.7716389611534901,892422,0.7803622984795987,32568286010,USD,9.3394,USD,23.44722754609741,Non-energy minerals,Buy
NVGS,Navigator Holdings Ltd.,21.27,USD,3.1022782355792566,341644,0.8081636517898155,1387876942.0000002,USD,1.4729,USD,23.648421759570184,Transportation,Strong buy
ANET,"Arista Networks, Inc.",172.47,USD,-2.5097507207054424,6782537,0.7135206188076729,217168974802,USD,2.7535,USD,23.697214734950578,Electronic technology,Strong buy
INGM,Ingram Micro Holding Corporation,30.18,USD,-0.5601317957166448,732419,2.1125250989001882,6991092351,USD,1.3942,USD,23.90686100248846,Technology services,Buy
HLIO,"Helios Technologies, Inc.",69.18,USD,1.4964788732394516,289091,0.9116627179392404,2290350078.9999995,USD,1.4576,USD,24.389827615634072,Producer manufacturing,Strong buy
CSCO,"Cisco Systems, Inc.",88.26,USD,-0.8426019548365351,13810462,0.7000433654260854,348617570479,USD,2.8428,USD,24.569475483107674,Electronic technology,Buy
STRO,"Sutro Biopharma, Inc.",33.59,USD,0.7800780078007954,190712,1.9679294930770102,556493522,USD,-22.6473,USD,24.781041898467205,Health technology,Buy
ZION,Zions Bancorporation N.A.,62.61,USD,2.0704271274861363,1429385,0.7820594050776425,9207992106,USD,6.4343,USD,25.317466500467432,Finance,Neutral
CHRW,"C.H. Robinson Worldwide, Inc.",188.415,USD,2.9421406326831616,2144248,0.8991396551252033,22204784296,USD,4.8331,USD,25.44383305647841,Transportation,Buy
WSFS,WSFS Financial Corporation,71.64,USD,0.3501891021151422,406384,0.8703749883808014,3740473516,USD,5.6123,USD,26.138943204549037,Finance,Buy
SHBI,"Shore Bancshares, Inc.",19.19,USD,0.4712041884816746,307434,1.256426374996459,641915927.0000001,USD,1.8786,USD,26.581766727309486,Finance,Buy
CNTA,Centessa Pharmaceuticals plc,39.51,USD,0.10134279199391727,1642649,1.7672276262079794,5896000716,USD,-1.4567,USD,26.670022652907114,Health technology,Neutral
GS,"Goldman Sachs Group, Inc. (The)",937.81,USD,1.1759502001273023,1223013,0.8062694155932225,276648253962,USD,54.7259,USD,27.00400789976306,Finance,Neutral
DXPE,"DXP Enterprises, Inc.",167.97,USD,-0.9085009733938955,330684,1.0010311861370629,2607266134,USD,5.372,USD,27.012649249320255,Distribution services,Buy
C,"Citigroup, Inc.",129.14,USD,0.9063916236911879,6155948,0.679460834433699,221463149719.99997,USD,8.07,USD,27.480096044483766,Finance,Strong buy
TRST,TrustCo Bank Corp NY,46.99,USD,1.8201516793066161,80261,0.7100199930725571,822648401.0000001,USD,3.4156,USD,27.5572319527953,Finance,No rating
AMAT,"Applied Materials, Inc.",404.86,USD,-2.92058315749089,5663417,0.5934500210752718,321300877623,USD,9.7628,USD,27.716801193077018,Producer manufacturing,Strong buy
RMBS,"Rambus, Inc.",141.31,USD,-10.789141414141417,5597450,1.0256373161400618,15284001448,USD,2.1134,USD,27.79054299189745,Electronic technology,Buy
FCFS,"FirstCash Holdings, Inc.",217.35,USD,-0.7534246575342493,480530,1.0817778930945499,9527904621,USD,7.99,USD,27.911630513087328,Finance,Buy
TNGX,"Tango Therapeutics, Inc.",26.33,USD,2.173069460613111,2713359,0.8419051544997725,3756997219,USD,-0.8643,USD,28.0828756864703,Health technology,Strong buy
IBKR,"Interactive Brokers Group, Inc.",77.59,USD,1.2659879926912019,3599320,0.7369240882272099,131604366331.88,USD,2.3205,USD,28.119478798586577,Finance,Buy
ZWS,Zurn Elkay Water Solutions Corporation,52.8,USD,0.6289308176100596,1368952,1.2771797527852335,8810836323,USD,1.2542,USD,28.24130879345603,Producer manufacturing,Buy
THR,"Thermon Group Holdings, Inc.",54.11,USD,-0.12919896640826925,487601,0.7744992971726178,1778570686,USD,1.758,USD,28.687504575067702,Producer manufacturing,Neutral
CPRX,"Catalyst Pharmaceuticals, Inc.",29.27,USD,6.941907197661667,9324385,1.1994812948795694,3574566202,USD,1.6843,USD,28.70023687628944,Health technology,Strong buy
KEX,Kirby Corporation,152.38,USD,1.181938911022577,561860,0.723319764584433,8170767995,USD,6.3309,USD,28.98881440883437,Transportation,Strong buy
NPCE,"Neuropace, Inc.",17.25,USD,2.6785714285714244,213692,0.5580280848399822,580754891.0000001,USD,-0.6598,USD,29.553704890027753,Health technology,Strong buy
LMAT,"LeMaitre Vascular, Inc.",114.52,USD,0.9431467606875216,181643,0.782114501486487,2608578190.0000005,USD,2.5139,USD,29.93745800382488,Health technology,Buy
BKSY,BlackSky Technology Inc.,33.21,USD,-1.8326928761454258,1894427,1.0978652620268912,1232390781,USD,-2.1459,USD,29.98238057948316,Technology services,Strong buy
EME,"EMCOR Group, Inc.",885.42,USD,1.784113116450165,368198,0.6163678495263444,39430023889,USD,28.3033,USD,31.390253186886653,Industrial services,Buy
BK,The Bank of New York Mellon Corporation,134.47,USD,0.313315926892941,3965521,0.9359904474104528,92297388776,USD,8.074,USD,31.577660805371305,Finance,Buy
TRVI,"Trevi Therapeutics, Inc.",14.27,USD,-0.9715475364330366,1276807,0.8038450373671892,2000465673,USD,-0.3208,USD,31.773713313483633,Health technology,Strong buy
RLAY,"Relay Therapeutics, Inc.",14.95,USD,-1.1896893588896331,4112818,1.5135870204824962,2828681352,USD,-1.613,USD,32.75804568951142,Health technology,Strong buy
CF,"CF Industries Holdings, Inc.",123.63,USD,2.232696601339608,2209321,1.1117312979650393,18991600033,USD,8.9929,USD,32.936672185430474,Process industries,Neutral
WSR,Whitestone REIT,18.92,USD,-0.15831134564642527,435256,2.991386792572837,1942456926,USD,0.9546,USD,33.24958123953098,Finance,Neutral
ZYME,Zymeworks Inc.,28.56,USD,1.637010676156574,950218,0.6977238418389645,2122022094.9999998,USD,-1.079,USD,33.31685309931402,Health technology,Strong buy
MOV,Movado Group Inc.,27.33,USD,-1.4424810674359976,111838,0.8377028055194795,426961129.00000006,USD,1.1653,USD,33.48224513172967,Consumer durables,Buy
RL,Ralph Lauren Corporation,370.38,USD,-0.23165607154401832,394427,0.7286041806817892,22428411608,USD,14.6903,USD,33.906076240132734,Consumer non-durables,Buy
MPC,Marathon Petroleum Corporation,227.21,USD,1.3696796644954146,1883174,0.8139377081971236,66912639720,USD,13.3346,USD,34.14280828119027,Energy minerals,Buy
PRLB,"Proto Labs, Inc.",63.79,USD,-1.2844320643763623,185518,0.6495585217083018,1517722838,USD,0.8775,USD,34.17431192660549,Process industries,Buy
SYRE,"Spyre Therapeutics, Inc.",71.9,USD,3.2008037892923844,687130,1.6889906580697063,6184490656,USD,-2.078,USD,34.225936125091,Health technology,Strong buy
GOOG,Alphabet Inc.,348.52,USD,1.8111708343070778,17442759,0.5769525189332445,4228165735870,USD,10.8059,USD,34.30151628138206,Technology services,Strong buy
CFG,"Citizens Financial Group, Inc.",64.78,USD,1.5519673930083115,3076253,0.8612912901896707,27531104095,USD,4.2268,USD,34.594319195007,Finance,Strong buy
VTOL,"Bristow Group, Inc.",49.12,USD,1.2366034624896831,259690,1.0458614161714217,1433861887.9999998,USD,4.3187,USD,35.00578323798805,Transportation,Strong buy
WBS,Webster Financial Corporation,71.84,USD,0.041776911293693264,2734879,1.0439300259288757,11640327694.999998,USD,5.9082,USD,35.103244837758105,Finance,Neutral
SIMO,Silicon Motion Technology Corporation,147.54,USD,-3.857682783787316,907356,1.1234047352085974,5013950444,USD,3.6274,USD,35.12889286246461,Electronic technology,Strong buy
MCB,Metropolitan Bank Holding Corp.,90.14,USD,2.4201795250539657,77750,1.3869123782904234,1127342114,USD,8.12,USD,37.28739052514116,Finance,Buy
SEI,"Solaris Energy Infrastructure, Inc.",70.63,USD,-2.4582240022096413,3212937,0.6722032156267546,5058447223.000001,USD,0.6806,USD,37.32849071832123,Technology services,Strong buy
PGC,Peapack-Gladstone Financial Corporation,41.35,USD,4.842799188640983,129686,0.8805295438593629,732239267,USD,2.4749,USD,37.6320765209654,Finance,Strong buy
CRUS,"Cirrus Logic, Inc.",170.79,USD,-1.9406327151633436,521459,0.9934120735126432,8711551637,USD,7.5932,USD,38.05567171505974,Electronic technology,Buy
AXSM,"Axsome Therapeutics, Inc.",187.4,USD,0.7743600774360064,919877,0.8532557351798228,9586126195,USD,-3.6942,USD,38.382760116089,Health technology,Strong buy
EZPW,"EZCORP, Inc.",32.02,USD,0.5021971123666155,476720,0.7109504583813345,1975545192,USD,1.548,USD,38.64755933721451,Finance,Buy
FBNC,First Bancorp,59.69,USD,2.3315618035316295,187911,0.7230899678136138,2472935258,USD,2.9303,USD,38.71899261503503,Finance,Buy
BW,"Babcock & Wilcox Enterprises, Inc.",15.45,USD,6.551724137931029,3937956,0.8186031016818337,2097210876.9999998,USD,-0.8729,USD,38.82113821138212,Electronic technology,Strong buy
MLI,"Mueller Industries, Inc.",136.5,USD,0.3528892809880824,793932,0.7902798812348886,15092888271,USD,7.6324,USD,39.06927590102401,Producer manufacturing,Strong buy
NVMI,Nova Ltd.,530.3,USD,-2.32986462841884,248635,0.7006548222107715,16854509841.999998,USD,7.984,USD,39.78814672152674,Electronic technology,Strong buy
BPOP,"Popular, Inc.",150.62,USD,2.434711643090324,394107,0.8441970633291078,9788605851,USD,13.5484,USD,39.86455795515548,Finance,Strong buy
DELL,Dell Technologies Inc.,215.98,USD,-0.050904715627754005,5820969,0.7909446793243232,141044648788.52258,USD,8.7179,USD,40.20875550837916,Electronic technology,Buy
ECG,"Everus Construction Group, Inc.",140.25,USD,3.0795237395266777,449614,0.834915475305656,7158585368,USD,3.9465,USD,40.26514074495308,Industrial services,Buy
FIVE,"Five Below, Inc.",234.25,USD,0.10255971967010347,721807,0.8112158230303237,12939603127,USD,6.4594,USD,40.58983567308738,Retail trade,Buy
ERAS,"Erasca, Inc.",19.15,USD,-10.888785481619358,22571674,2.089943754488659,5951811465.999999,USD,-0.4393,USD,41.13627227656438,Health technology,Strong buy
RRX,Regal Rexnord Corporation,213.28,USD,0.48527679623086034,864480,1.0476309623460132,14197084526,USD,4.2013,USD,42.581280119459706,Producer manufacturing,Buy
MXL,"MaxLinear, Inc",51.65,USD,-14.373342175066316,11759574,3.0947441061389895,4625048943,USD,-1.5146,USD,42.61574600287945,Electronic technology,Buy
KLAC,KLA Corporation,1900,USD,-1.8087855297157622,1119578,0.6710361486118097,249045567322,USD,34.4225,USD,44.76434396067001,Electronic technology,Buy
ENVA,"Enova International, Inc.",173.6,USD,4.170417041704163,376515,0.6526065090252894,4320018310.999999,USD,12.3457,USD,45.41974392499149,Finance,Strong buy
NEE,"NextEra Energy, Inc.",94.83,USD,-0.5036197670758619,7773755,0.7139114184270382,197752943264,USD,3.9389,USD,47.29815638906547,Utilities,Buy
LRCX,Lam Research Corporation,259.47,USD,-3.1032937485995764,8095347,0.6738092775206288,324485670552,USD,5.2981,USD,47.59583240472476,Producer manufacturing,Buy
TRGP,"Targa Resources, Inc.",241.29,USD,0.20348837209301524,1351747,0.6963065416744754,51829566246.00001,USD,8.512,USD,47.942157953281445,Utilities,Buy
ALB,Albemarle Corporation,199.53,USD,5.947007911644447,2188304,0.495807686364863,23514055937,USD,-5.7554,USD,48.60378099856226,Process industries,Buy
PLXS,Plexus Corp.,249.14,USD,-1.9442695214105896,210030,1.1872336180040832,6673580272,USD,6.431,USD,49.11080711354309,Electronic technology,Buy
CTRA,Coterra Energy Inc.,33.67,USD,0.4175365344467658,5691017,0.6567895777584026,25567536288,USD,2.2445,USD,49.50376340504894,Energy minerals,Buy
KGS,"Kodiak Gas Services, Inc.",66.13,USD,0.227341618672312,649202,0.5675132124759619,5838999953,USD,0.8721,USD,49.79388526279627,Industrial services,Strong buy
LQDA,Liquidia Corporation,37.34,USD,0.08040739748057125,791268,0.40970766374314643,3290192952,USD,-0.8317,USD,49.812937484914315,Health technology,Strong buy
DIOD,Diodes Incorporated,101.28,USD,-2.9885057471264407,699101,1.1792109696351583,4659544470,USD,1.4245,USD,50.010530749789396,Electronic technology,Neutral
ARW,"Arrow Electronics, Inc.",186.51,USD,-0.2726981071543254,525435,0.94012748304245,9527690009,USD,10.9446,USD,50.414358946167695,Distribution services,Neutral
SNX,TD SYNNEX Corporation,225.72,USD,-0.8739185806508318,643853,1.1691560743841658,18145877022,USD,12.0367,USD,50.41738521906475,Distribution services,Buy
TECX,"Tectonic Therapeutic, Inc.",28.75,USD,0.7358093903293653,154931,0.4663241883765507,539828014,USD,-4.0412,USD,50.73329513452888,Commercial services,Strong buy
PRIM,Primoris Services Corporation,173,USD,0.8158508158508193,451166,0.6956538385933183,9382054558,USD,5.019,USD,51.59935965203732,Industrial services,Buy
HG,"Hamilton Insurance Group, Ltd.",32.5,USD,-0.5203550658096164,383227,0.7151334427283957,3231978197,USD,5.79,USD,52.04432656705443,Finance,Buy
REX,REX American Resources Corporation,47.25,USD,1.0911424903722677,139196,0.8530308507991884,1556307148.9999998,USD,2.5053,USD,52.14988461071298,Process industries,No rating
DLX,Deluxe Corporation,30.5,USD,0.5605011539729697,282405,0.7940611330137328,1374985781,USD,1.8016,USD,52.63915953571128,Commercial services,Buy
IMNM,"Immunome, Inc.",23.49,USD,-0.29711375212224234,1110161,0.5700868166464619,2657498700,USD,-2.428,USD,53.10025111068186,Health technology,Strong buy
GVA,Granite Construction Incorporated,125.77,USD,1.945367593418166,404692,0.6696359487355499,5471456876.999999,USD,3.5908,USD,53.12579957356076,Industrial services,Buy
SITM,SiTime Corporation,547.98,USD,-3.906989794128989,387749,0.8161645657616521,14464933125.999998,USD,-1.822,USD,55.09882202178521,Electronic technology,Buy
MKSI,MKS Inc.,278.36,USD,-0.932450708235463,817585,0.7240970644390571,18739665593.999996,USD,4.3709,USD,55.55911452772438,Producer manufacturing,Buy
AMG,"Affiliated Managers Group, Inc.",291.57,USD,1.4368215975507916,281191,1.0034195592385287,7780467076,USD,22.9092,USD,56.03171143682232,Finance,Buy
JOE,St. Joe Company (The),71.32,USD,0.43655823123502047,149045,0.7900270615460488,4103878541,USD,1.9962,USD,56.99567440031458,Finance,No rating
IESC,"IES Holdings, Inc.",606.97,USD,1.1953984661553974,198580,0.9999047233811036,12095696113,USD,16.8115,USD,58.4645112640211,Industrial services,Strong buy
KEYS,Keysight Technologies Inc.,340.64,USD,-1.8215356237030185,1776426,0.7706933188439324,58420614944,USD,5.5376,USD,58.57052860660903,Electronic technology,Buy
AGX,"Argan, Inc.",660.85,USD,1.203693777852649,221904,0.6568913270384203,9216188616,USD,9.7354,USD,59.41378745701654,Industrial services,Buy
ETR,Entergy Corporation,113.44,USD,-0.17599436818022074,2625608,0.8878018455900581,51932675947,USD,3.9124,USD,60.396851426697275,Utilities,Buy
NGVT,Ingevity Corporation,76.32,USD,-0.11778563015312578,229004,0.6398356207470126,2688184089,USD,-4.6515,USD,60.74054067740819,Process industries,Buy
FHI,"Federated Hermes, Inc.",56.78,USD,1.6469745793054096,904704,1.140490132045186,4313841541,USD,5.1314,USD,60.808523973675975,Finance,Neutral
EQIX,"Equinix, Inc.",1089.85,USD,-1.705508856740871,589538,0.6979852483073142,107484799178,USD,13.7605,USD,60.97164381638668,Finance,Buy
GHM,Graham Corporation,94.66,USD,-2.8131416837782433,199745,1.0455353589106773,1048149453.0000001,USD,1.3444,USD,61.21837150737499,Producer manufacturing,Strong buy
STX,Seagate Technology Holdings PLC,595.86,USD,1.6392324093816655,2919466,0.7214406549238099,129941009789.99998,USD,8.8427,USD,61.841575460302366,Electronic technology,Buy
TWST,Twist Bioscience Corporation,61,USD,0.09845749917952458,1080415,0.764103492320006,3740013866,USD,-1.2745,USD,62.3474844160832,Health technology,Strong buy
VLY,Valley National Bancorp,13.54,USD,1.271503365744203,4511783,0.6713916290493839,7505450731,USD,1.1152,USD,62.447195921340125,Finance,Strong buy
CRS,Carpenter Technology Corporation,428.44,USD,0.22457190979694477,666545,0.6424090429540191,21340476167,USD,8.6092,USD,62.48372180805888,Non-energy minerals,Strong buy
LASR,"nLIGHT, Inc.",70.04,USD,-7.586752869771737,1129946,0.9299760471060969,3907624160,USD,-0.4704,USD,62.852404643449425,Electronic technology,Strong buy
ORKA,"Oruka Therapeutics, Inc.",76.39,USD,10.662031001014052,6902128,3.3113559430108648,3784566080,USD,-2.3182,USD,63.927487746051504,Health technology,Strong buy
AMLX,"Amylyx Pharmaceuticals, Inc.",16.88,USD,-0.9389671361502356,859183,0.6444069188601875,1865863480,USD,-1.5528,USD,64.98444053578677,Health technology,Strong buy
ALNT,Allient Inc.,74.18,USD,-0.656220704432831,124917,0.7990629176273794,1262402435,USD,1.3158,USD,65.36383058941814,Producer manufacturing,Buy
SLAB,"Silicon Laboratories, Inc.",215,USD,-0.23201856148491878,549846,0.7331686812902104,7088209076.000001,USD,-1.9902,USD,66.52875882946519,Electronic technology,Neutral
HCSG,"Healthcare Services Group, Inc.",21.7,USD,-3.211418376449609,683521,0.9393766379837625,1489601115,USD,0.9492,USD,69.59085224227266,Commercial services,Buy
VSH,"Vishay Intertechnology, Inc.",27.77,USD,-1.489890031926221,2731671,1.3237290371371315,3779649690.9999995,USD,-0.0662,USD,71.7937792927141,Electronic technology,Buy
ADEA,Adeia Inc.,30.13,USD,-0.5938634114153736,900942,1.2327104682758268,3335503453,USD,0.9844,USD,72.61090654041732,Technology services,Strong buy
MAC,Macerich Company (The),21.6,USD,1.8867924528301987,3578340,1.059459606847249,5619804884,USD,-0.2938,USD,72.99384134571191,Finance,Buy
NEM,Newmont Corporation,116.08,USD,-3.8276719138359607,7176481,0.6253903143067402,123921523361,USD,7.709,USD,73.0415263748597,Non-energy minerals,Buy
CBIO,"Crescent Biopharma, Inc.",25.15,USD,1.4112903225806364,145666,1.689289954967056,693052715,USD,-15.35,USD,73.87189569184156,Health technology,Strong buy
GSAT,"Globalstar, Inc.",81.9,USD,0.11001100110011416,1179595,2.3215396541696554,10531613374,USD,-0.153,USD,73.89969293756397,Communications,Buy
APH,Amphenol Corporation,148.64,USD,-0.7412353923205434,6348017,0.6564394762899276,182742591300,USD,3.3393,USD,74.11231033943378,Electronic technology,Buy
ADI,"Analog Devices, Inc.",392.59,USD,-1.7468778937357705,2763830,0.7333942812754869,191664070406.00003,USD,5.4744,USD,74.57746029721282,Electronic technology,Buy
TENX,"Tenax Therapeutics, Inc.",15.11,USD,5.664335664335655,1977756,3.2265113731598443,259855923.00000003,USD,-1.3361,USD,74.8223943316939,Health technology,Strong buy
CALY,Callaway Golf Company,15.055,USD,-1.66557805355977,2248100,0.7063571741805449,2739649832.3827243,USD,-1.9754,USD,74.99272087400148,Consumer durables,Buy
CMP,Compass Minerals Intl Inc,26.53,USD,4.820229158435411,613834,0.8524724742189375,1110632677.9999998,USD,-0.9152,USD,75.50190053000696,Process industries,Neutral
GLRE,"Greenlight Reinsurance, Ltd.",18.86,USD,-0.736842105263161,242660,1.2714546882627387,640930728.0000001,USD,2.1677,USD,75.56491455414272,Finance,Neutral
AROC,"Archrock, Inc.",37.39,USD,0.16072863648540658,1363342,0.7303428817508069,6552515808,USD,1.8278,USD,75.96996245306636,Industrial services,Strong buy
TXG,"10x Genomics, Inc.",22.28,USD,0.9057971014492883,3043780,0.7488525269757134,2846320387.0000005,USD,-0.3496,USD,76.95603453958209,Health technology,Buy
APA,APA Corporation,38.43,USD,1.8552875695732916,4930599,0.9124792956933901,13581178292,USD,3.9822,USD,77.14412811387899,Energy minerals,Neutral
BEAM,Beam Therapeutics Inc.,29.165,USD,7.580228697897454,3153920,0.8453072636424032,2996578348,USD,-1.0157,USD,77.81248634715365,Health technology,Strong buy
SEDG,"SolarEdge Technologies, Inc.",47.38,USD,3.3820641501200184,3662289,0.7515056108359408,2881553508,USD,-6.8795,USD,77.94728119580583,Producer manufacturing,Neutral
JBL,Jabil Inc.,340.8,USD,-0.24879262403043056,740518,0.6179686304959734,35955293146,USD,7.4616,USD,78.81518404907976,Producer manufacturing,Buy
ANIK,Anika Therapeutics Inc.,15.85,USD,3.1229668184775563,75686,0.7605757893331694,212401910,USD,-0.7588,USD,80.23392117533669,Health technology,Strong buy
OMER,Omeros Corporation,14.74,USD,8.943089430894316,1913939,0.5516555804762686,1061223529.9999999,USD,-0.4998,USD,81.46486185796402,Health technology,Buy
AVNS,"Avanos Medical, Inc.",24.62,USD,-0.16220600162205656,1750555,3.8455264695695925,1149118140,USD,-1.5759,USD,81.51436950146628,Health technology,Neutral
SMTC,Semtech Corporation,101.29,USD,-7.742053010292375,2811201,1.1191977641381745,9431567988,USD,-0.4506,USD,82.90202625787356,Electronic technology,Buy
PVLA,"Palvella Therapeutics, Inc.",128.64,USD,4.0860911076947835,215668,0.8601894832263958,1841309048.0000002,USD,-3.707,USD,83.83988979563367,Health technology,Strong buy
LUNR,"Intuitive Machines, Inc.",26.2,USD,2.624363493928704,9448148,1.6531166513468318,5680179648.000001,USD,-0.7255,USD,84.62891162948367,Electronic technology,Buy
AAOI,"Applied Optoelectronics, Inc.",145.78,USD,-10.106678177221427,9442557,1.741736380065189,11508330579,USD,-0.6555,USD,84.70530589388213,Electronic technology,Buy
PHIN,PHINIA Inc.,72.14,USD,-2.1034061609444934,244786,0.6357440654344156,2712916833.0000005,USD,3.25,USD,85.79922250171505,Producer manufacturing,Buy
INTC,Intel Corporation,84.99,USD,2.9682578143930076,178814132,1.0760200617097497,427159729263.00006,USD,-0.6263,USD,85.99601994499474,Electronic technology,Neutral
OII,"Oceaneering International, Inc.",37.99,USD,1.7135207496653295,1046609,1.177438307252303,3789298909,USD,3.3645,USD,88.27644096250701,Producer manufacturing,Neutral
WATT,Energous Corporation,31.33,USD,11.138701667257882,776906,2.3068200285701903,172349435,USD,-7.812,USD,89.83424033979558,Electronic technology,Strong buy
UFCS,"United Fire Group, Inc",40.47,USD,0.7970112079701127,62268,0.668442021375028,1036609971.0000001,USD,4.5332,USD,89.93589475007333,Finance,Buy
ANAB,"AnaptysBio, Inc.",66.59,USD,13.094429347826086,1122643,0.9223480551450715,1914346307,USD,-0.5205,USD,89.98537730403663,Health technology,Strong buy
SFST,"Southern First Bancshares, Inc.",56.32,USD,0,101818,3.737881636585826,523644470.00000006,USD,4.2845,USD,90.05899835869228,Finance,Strong buy
ADTN,"ADTRAN Holdings, Inc.",16.74,USD,-1.1222681630242248,2642679,1.5067056069876004,1350887917,USD,-0.5215,USD,90.83689139563896,Electronic technology,Strong buy
FET,"Forum Energy Technologies, Inc.",63.41,USD,2.3897949297594008,158723,0.8756112069008531,718350148,USD,-0.8854,USD,91.95434677910347,Industrial services,No rating
CWEN,"Clearway Energy, Inc.",41.05,USD,3.7139969681657377,976186,0.6636884131568618,8425966938,USD,1.443,USD,92.5540432345877,Utilities,Strong buy
JBIO,"Jade Biosciences, Inc.",26.85,USD,7.48598879103283,915753,2.450717298119789,1324142249,USD,-5.4542,USD,93.62797326977896,Health technology,Strong buy
SPHR,Sphere Entertainment Co.,134.04,USD,2.0246612878672527,449155,0.5837913627114406,4758703730,USD,-0.2983,USD,94.73377586328648,Consumer services,Strong buy
TDW,Tidewater Inc.,91.12,USD,2.9371893357433447,1663153,0.8068769344923801,4517139339,USD,6.6742,USD,96.01174743024964,Transportation,Neutral
EHAB,"Enhabit, Inc.",13.74,USD,0,361729,1.042859260895823,703839800.9999999,USD,-0.0945,USD,96.9629772464327,Health services,Neutral
CUBI,"Customers Bancorp, Inc",77.92,USD,4.759343909653141,573250,0.8442129864075675,2624419278,USD,7.8785,USD,98.01694020660014,Finance,Buy
ALHC,"Alignment Healthcare, Inc.",20.95,USD,-0.8518693800283944,4349711,0.9638433485698994,4280011695.0000005,USD,-0.0092,USD,98.63095238095238,Health services,Strong buy
PACS,"PACS Group, Inc.",35.27,USD,-0.4515946937623387,824747,0.598400689327118,5543210462.000001,USD,1.1784,USD,99.3234100135318,Health services,Strong buy
LOB,"Live Oak Bancshares, Inc.",37.85,USD,1.1220945765428847,298969,0.7042144631488264,1750179806,USD,2.6147,USD,100.72931060955013,Finance,Buy
LINC,Lincoln Educational Services Corporation,39.82,USD,1.8153924827409893,173656,0.8830107918421843,1262157917,USD,0.6383,USD,101.03937007874015,Commercial services,Strong buy
JCI,Johnson Controls International plc,143.38,USD,1.0287485907553608,3077479,0.5294913973393056,87758049312,USD,5.3158,USD,102.98610050404768,Producer manufacturing,Buy
ROAD,"Construction Partners, Inc.",120.79,USD,0.5159357576766286,324033,0.786182558544883,6826492440,USD,2.1874,USD,105.1392666229016,Industrial services,Buy
JHG,Janus Henderson Group plc,51.58,USD,0.05819592628516225,1648492,0.8615103809378132,7947220107,USD,5.2516,USD,105.40540540540538,Finance,Neutral
FIX,"Comfort Systems USA, Inc.",1794.04,USD,3.9348365119458717,492355,0.7308108279327713,63154563349.00001,USD,34.6461,USD,107.81259372113385,Industrial services,Strong buy
PFS,"Provident Financial Services, Inc",22.81,USD,2.0125223613595677,1039526,1.018011746402649,2972455203.9999995,USD,2.2309,USD,113.6058981233244,Finance,Strong buy
NVT,nVent Electric plc,141.71,USD,-0.32355630583103295,2094344,0.8087151243590583,22914267635,USD,4.2716,USD,116.8875349073369,Electronic technology,Strong buy
BFH,"Bread Financial Holdings, Inc.",88,USD,2.1355617455896048,1295463,0.8645446324024422,3645194824.0000005,USD,12.205,USD,117.61999857356824,Finance,Buy
ACA,"Arcosa, Inc.",120.44,USD,0.8372404554588079,316841,0.8620613513564781,5913433024,USD,4.2378,USD,121.19108512970406,Non-energy minerals,Strong buy
PSTL,"Postal Realty Trust, Inc.",21.81,USD,0.7855822550831707,168456,0.8844189055840511,717194954,USD,0.4674,USD,124.06519654841802,Finance,Strong buy
CBL,"CBL & Associates Properties, Inc.",45.14,USD,1.7812852311161198,119469,1.0769668904366407,1398251620,USD,4.2817,USD,128.10185925097224,Finance,Strong buy
KRYS,"Krystal Biotech, Inc.",272.75,USD,0.08439747541465514,242385,0.6720124912059618,8028599514.000001,USD,6.8443,USD,129.05957161981257,Health technology,Strong buy
VRT,"Vertiv Holdings, LLC",322.43,USD,-0.31843195449204625,5442460,0.6227880064672945,123848205852,USD,3.9835,USD,130.95431354359923,Electronic technology,Buy
WDC,Western Digital Corporation,400.73,USD,-0.8094059405940549,5788187,0.6872665372430664,135862674755.99998,USD,9.9607,USD,137.6234553175247,Electronic technology,Buy
FTK,"Flotek Industries, Inc.",17.18,USD,0.9994121105232108,154494,0.42813372159384955,621475160,USD,0.831,USD,145.3498671390611,Industrial services,Strong buy
MTZ,"MasTec, Inc.",386.15,USD,2.66670211634584,624699,0.6237227342223185,30439357887.964703,USD,5.0732,USD,146.87104622871044,Industrial services,Strong buy
APEI,"American Public Education, Inc.",57,USD,2.425876010781674,287197,0.7005686121998709,1049435766.0000001,USD,1.3543,USD,149.04376609047446,Consumer services,Strong buy
WT,"WisdomTree, Inc.",16.65,USD,1.7104459376908834,2564351,0.9598413206112048,2357917988,USD,0.7421,USD,155.89655172413794,Miscellaneous,Buy
NATR,"Nature's Sunshine Products, Inc.",27.43,USD,0.3658982802780879,55895,0.5903290967337371,480233652,USD,1.058,USD,161.88118811881188,Health technology,Strong buy
AMD,"Advanced Micro Devices, Inc.",334.63,USD,-3.7894252609183194,50585022,0.6942405537353589,545560262239,USD,2.6448,USD,163.63636363636363,Electronic technology,Buy
AEIS,"Advanced Energy Industries, Inc.",385.68,USD,-0.402850945150295,664472,0.9271110260328558,14666490118,USD,3.816,USD,167.73310881919593,Electronic technology,Buy
VAL,Valaris Limited,97.35,USD,6.755126658624845,1203807,0.5661755295424231,6739630590.000001,USD,13.9945,USD,172.4467546626173,Industrial services,Sell
DOCN,"DigitalOcean Holdings, Inc.",98.95,USD,3.9281588068480295,2261343,1.572421237158216,10131065102,USD,2.5126,USD,189.0039107430412,Technology services,Buy
CIEN,Ciena Corporation,506.33,USD,-2.778417818740394,1684236,0.7506043995757438,71594262615.78781,USD,1.5747,USD,191.7191552426825,Electronic technology,Buy
UVE,UNIVERSAL INSURANCE HOLDINGS INC,40.52,USD,2.634245187436693,506991,0.8755787422376338,1134891877.9999998,USD,6.753,USD,195.57491136691908,Finance,Buy
TTMI,"TTM Technologies, Inc.",144.17,USD,-3.248104154083621,2582754,0.6399111345467973,14971070753,USD,1.6807,USD,210.37857802400742,Electronic technology,Strong buy
HRTG,"Heritage Insurance Holdings, Inc.",29.9,USD,2.1523744448240487,480635,0.5922699001927889,918555456,USD,6.3159,USD,214.64654012853092,Finance,Buy
GLW,Corning Incorporated,168.01,USD,-4.4800727727556975,11759549,1.096101985056102,144323077129,USD,1.8389,USD,214.9880095923262,Electronic technology,Buy
TFIN,"Triumph Financial, Inc.",68.4,USD,1.2433392539964525,263437,1.091144050602982,1628347770.9999998,USD,1.1896,USD,223.78878606423518,Finance,Neutral
KALU,Kaiser Aluminum Corporation,174.94,USD,-1.6417406949286044,529729,1.566713676067852,2858625774,USD,9.1794,USD,243.27063311020524,Non-energy minerals,Buy
DINO,HF Sinclair Corporation,61.8,USD,2.555592432791237,2177516,0.6629429416882485,11140883212.000002,USD,3.0602,USD,271.42857142857144,Energy minerals,Buy
CECO,CECO Environmental Corp.,64.92,USD,0.05394158896508683,651069,0.7493386171478815,2328877147.0000005,USD,1.3652,USD,283.698707138842,Producer manufacturing,Strong buy
MYRG,"MYR Group, Inc.",346.37,USD,2.0897194058005284,217839,0.9665546546467683,5382615146,USD,7.5384,USD,307.23893900923775,Industrial services,Buy
CARE,"Carter Bankshares, Inc.",24.62,USD,2.1153048527581984,627922,2.62563094378695,545578745,USD,4.9177,USD,310.28700150175206,Finance,Strong buy
XHR,"Xenia Hotels & Resorts, Inc.",16.08,USD,0,891690,0.7134816768400655,1483313009,USD,0.6311,USD,311.14006514657984,Finance,Buy
DCOM,"Dime Community Bancshares, Inc.",36.09,USD,2.266931141966575,309589,1.0486561147217988,1583875954.0000002,USD,2.6428,USD,316.0579345088161,Finance,Strong buy
SCHL,Scholastic Corporation,40.72,USD,0.9419930589985013,458390,2.180652935902406,885349582,USD,2.4838,USD,316.32584646329195,Consumer services,Neutral
TCBI,"Texas Capital Bancshares, Inc.",100.31,USD,1.1903560980530685,583913,0.7650436543376046,4380631542,USD,7.437,USD,329.4623780100479,Finance,Neutral
PAHC,Phibro Animal Health Corporation,56.14,USD,1.7766497461929007,122608,0.7030811835253622,2278425933,USD,2.2555,USD,373.8445378151261,Health technology,Neutral
GEV,GE Vernova Inc.,1120.23,USD,-2.520035851338772,3845820,0.6775884084707298,301028201718.99994,USD,34.3231,USD,389.82617878753274,Producer manufacturing,Buy
MU,"Micron Technology, Inc.",524.56,USD,5.604767273312916,41298700,1.2439918493357431,591564148897,USD,21.1813,USD,409.11691183540046,Electronic technology,Strong buy
GMED,"Globus Medical, Inc.",93.7,USD,-1.2332665753135887,796160,0.6142489385684593,12654673614.999998,USD,3.934,USD,428.47931219774324,Health technology,Buy
TIGO,Millicom International Cellular S.A.,82.83,USD,-1.4632405424696693,839768,1.0187816672849868,13877407464,USD,7.8352,USD,436.6207793986714,Communications,Neutral
VICR,Vicor Corporation,268.61,USD,-1.7987058092348038,816448,1.4094091240754447,12187679855,USD,2.9886,USD,484.7387986695363,Electronic technology,Strong buy
CSTM,Constellium SE,31.19,USD,-0.6054811982154167,1826869,1.2936120613166642,4252811969.9999995,USD,1.9346,USD,521.6580976863754,Non-energy minerals,Strong buy
AZZ,AZZ Inc.,144.78,USD,1.0116514337542655,174552,0.7240547391597951,4326070978,USD,10.499,USD,560.9379918161789,Process industries,Buy
CMC,Commercial Metals Company,69.53,USD,0.5059265683723537,581270,0.7454930292570735,7709999569.999999,USD,4.4893,USD,645.6070420195981,Non-energy minerals,Buy
VIK,Viking Holdings Ltd,80.82,USD,-1.2221950623319484,1921906,0.9826482982445937,36028425724.00001,USD,2.569,USD,691.6795069337442,Consumer services,Buy
ASTE,"Astec Industries, Inc.",58.75,USD,-0.7936507936507917,206958,0.7379095887431283,1346532075,USD,1.6799,USD,811.9978284473399,Producer manufacturing,Strong buy
DBRG,"DigitalBridge Group, Inc.",15.6,USD,0,2907118,0.7132082009513881,2935728619,USD,0.4518,USD,899.5575221238937,Finance,Neutral
FRST,Primis Financial Corp.,14.71,USD,2.580195258019533,635754,2.827550148896713,363325032,USD,1.8677,USD,1064.401496259352,Finance,Strong buy
FIGS,"FIGS, Inc.",15.615,USD,-5.420956995760153,3963701,0.989465623768774,2597978852.6396546,USD,0.1862,USD,1175.3424657534247,Consumer non-durables,Buy
MTRN,Materion Corporation,181.55,USD,-2.334714078218288,239260,0.8714445198869403,3776483013,USD,3.5836,USD,1268.308514700267,Electronic technology,Buy
RSI,"Rush Street Interactive, Inc.",24.28,USD,2.663847780126861,2013121,0.6443066747486856,5655406729,USD,0.2828,USD,1313.9999999999998,Consumer services,Strong buy
AUPH,Aurinia Pharmaceuticals Inc,16.37,USD,2.440550688360454,1144294,0.580167355430011,2176735017.9999995,USD,2.0771,USD,5281.088082901554,Health technology,Buy
NTCT,"NetScout Systems, Inc.",33.25,USD,-0.03006614552013834,439572,0.7836497304458718,2401326709.9999995,USD,1.3035,USD,,Technology services,Buy
MUX,McEwen Inc.,23.86,USD,-1.6082474226804149,626602,0.6058709422009337,1418543862,USD,0.5024,USD,,Non-energy minerals,Buy
MD,"Pediatrix Medical Group, Inc.",23.39,USD,1.5190972222222285,626204,0.6106172480749666,1943056315.9999998,USD,1.9384,USD,,Health services,Buy
ILMN,"Illumina, Inc.",128.52,USD,0.5004691898655105,1273525,0.6047476034598657,19523078186,USD,5.4636,USD,,Health technology,Buy
ARWR,"Arrowhead Pharmaceuticals, Inc.",73.6,USD,-0.41942903531322184,1420349,0.6432518133292916,10306368292,USD,1.5382,USD,,Health technology,Strong buy
OOMA,"Ooma, Inc.",16.5,USD,2.7397260273972686,357731,1.2375945753220876,453911857,USD,0.2311,USD,,Communications,Strong buy
GFS,GlobalFoundries Inc.,60.35,USD,-2.3304741867616086,3575108,0.9188333779323533,33579779363,USD,1.5854,USD,,Electronic technology,Buy
MSBI,"Midland States Bancorp, Inc.",25.84,USD,3.359999999999999,256240,0.908683053268811,554685672,USD,1.1994,USD,,Finance,Neutral
PUMP,ProPetro Holding Corp.,17.21,USD,1.2352941176470638,3050048,0.7144325288332883,2110238008,USD,0.0067,USD,,Industrial services,Buy
SSRM,SSR Mining Inc.,30.75,USD,0.6546644844517162,1903428,0.8902974131835549,6297062965.727055,USD,1.8564730799999998,USD,,Non-energy minerals,Strong buy
CTRN,"Citi Trends, Inc.",49.2,USD,-2.88195815238846,47164,0.7638775497421241,410492329.99999994,USD,0.5907,USD,,Retail trade,Strong buy
ATRO,Astronics Corporation,73.41,USD,0.24580090126996124,237413,0.49280592587883093,2603231441.9999995,USD,0.7235,USD,,Electronic technology,Strong buy
GRDN,"Guardian Pharmacy Services, Inc.",37.93,USD,0.9582113388341748,389566,1.2120661912275335,2401979922,USD,0.7767,USD,,Retail trade,Strong buy
KN,Knowles Corporation,31.18,USD,1.8621365566808243,1252150,1.0215072912125045,2666814921.0000005,USD,0.6527,USD,,Electronic technology,Buy
RFIL,"RF Industries, Ltd.",14.18,USD,-3.994583615436695,129181,1.0667860767560438,153346298,USD,0.0245,USD,,Electronic technology,Neutral
LGND,Ligand Pharmaceuticals Incorporated,241.79,USD,4.54879577982444,280985,0.915665677496521,4821568380,USD,5.8347,USD,,Health technology,Strong buy
RNG,"RingCentral, Inc.",40.44,USD,-1.1246943765281194,1095266,0.7059914690200617,3399913147,USD,0.4819,USD,,Technology services,Buy
ECPG,Encore Capital Group Inc,84.3,USD,0.6807595843783508,198505,1.214007951814535,1804886044.9999998,USD,10.9587,USD,,Finance,Buy
XOMA,XOMA Royalty Corporation,41.97,USD,10.738786279683378,3180573,1.7033195492138509,500103222.99999994,USD,1.4544,USD,,Health technology,Buy
CBLL,"CeriBell, Inc.",21.14,USD,-0.18885741265344264,180244,0.5673427794231678,800624495,USD,-1.4613,USD,,Health technology,Strong buy
KEY,KeyCorp,21.91,USD,1.294498381877028,8717678,0.5875071366257948,23502719364,USD,1.6285,USD,,Finance,Buy
RELL,"Richardson Electronics, Ltd.",14.28,USD,-1.1080332409972309,78446,1.5970980255489966,204968707.99999997,USD,0.2736,USD,,Electronic technology,Neutral
TX,Ternium S.A.,42.99,USD,-0.7617728531855916,539672,0.8850057341951791,8439267390.000001,USD,2.1235,USD,,Non-energy minerals,Buy
DAN,Dana Incorporated,38.48,USD,-1.155920883637305,1002499,0.40162969585176644,4215734489.9999995,USD,0.5471,USD,,Producer manufacturing,Buy
GLNG,Golar LNG Limited,52.83,USD,0.38001140034200215,638401,0.7004329177097847,5366960998.999999,USD,0.6482,USD,,Industrial services,Strong buy
VFC,V.F. Corporation,19.36,USD,-2.172814552804445,6953304,0.7933821335128106,7574858427,USD,0.5512,USD,,Consumer non-durables,Neutral
LITE,Lumentum Holdings Inc.,859.68,USD,-2.4908125765618663,5289579,1.1716487559296322,61381152789,USD,3.2704,USD,,Producer manufacturing,Buy
ORN,"Orion Group Holdings, Inc.",12.19,USD,-0.6519967400163005,172993,0.5096503883446595,490045479,USD,0.0619,USD,,Industrial services,Strong buy
NBIS,Nebius Group N.V.,144.96,USD,-1.4949714596357628,14121904,0.8573747846671199,36487946649,USD,0.5097,USD,,Technology services,Buy
APLS,"Apellis Pharmaceuticals, Inc.",40.95,USD,0.02442598925257723,2747531,1.797593969825259,5234634611,USD,0.1235,USD,,Health technology,Neutral
MATW,Matthews International Corporation,28.29,USD,0.4973357015985811,204882,0.5625329966180559,880556819,USD,0.6984,USD,,Producer manufacturing,Strong buy
TK,Teekay Corporation Ltd.,13.31,USD,2.7006172839506144,413609,0.6301425040186114,1155022323,USD,,,,Transportation,No rating
FLOC,Flowco Holdings Inc.,23.94,USD,-0.49875311720697196,437750,1.6488006285526753,2162682341,USD,0.4605,USD,,Industrial services,Strong buy
MTSI,"MACOM Technology Solutions Holdings, Inc.",279.44,USD,-2.8507857043526594,946242,0.7879269005110296,20961345225.000004,USD,2.127,USD,,Electronic technology,Buy
CTRI,"Centuri Holdings, Inc.",35.41,USD,1.9286125503741929,1144729,0.4877904870084995,3570904188,USD,0.2303,USD,,Utilities,Neutral
BKV,BKV Corporation,29.44,USD,1.2379642365887311,618123,1.1318263405215077,3177485097,USD,1.9516,USD,,Energy minerals,Strong buy
NBR,Nabors Industries Ltd.,90.7,USD,0.9011013460896676,260176,0.6808423320316008,1330857866,USD,16.4947,USD,,Industrial services,Neutral
BTSG,"BrightSpring Health Services, Inc.",48.57,USD,0.8513289036544927,2383212,0.542728494771821,9382157066,USD,0.8769,USD,,Health services,Strong buy
DBD,Diebold Nixdorf Incorporated,82.33,USD,-3.8650163475011703,339841,2.8759078435364356,2865837125.9999995,USD,2.5818,USD,,Electronic technology,Strong buy
MRX,Marex Group plc,53.12,USD,0.6060606060606066,1017296,1.3377752029149794,3820967741,USD,3.9281,USD,,Technology services,Strong buy
MCFT,"MasterCraft Boat Holdings, Inc.",23.35,USD,-0.7649808754781118,72027,0.6509690101452525,380135439,USD,0.9453,USD,,Consumer durables,Neutral
HE,"Hawaiian Electric Industries, Inc.",15.33,USD,0.4587155963302771,1154514,0.479562790708598,2646271763.0000005,USD,0.7122,USD,,Utilities,Sell
LXU,"LSB Industries, Inc.",14.56,USD,1.1813759555246695,821294,1.8706181174190597,1046090130,USD,0.3421,USD,,Process industries,Neutral
FFIC,Flushing Financial Corporation,16.06,USD,0,255058,0.6573825540841428,544171000.0000001,USD,0.5409,USD,,Finance,Neutral
NEXA,Nexa Resources S.A.,14.52,USD,0.6237006237006227,1329073,4.453212324270374,1923008734,USD,1.0014,USD,,Non-energy minerals,Neutral
AMTB,Amerant Bancorp Inc.,22.73,USD,-0.3943908851884306,363713,0.9941233646873091,914449375.0000001,USD,1.4103,USD,,Finance,Buy
TWLO,Twilio Inc.,142.61,USD,-0.8206412128798792,1819457,0.7508170521963765,21607412064.073498,USD,0.1971,USD,,Technology services,Buy
PARR,"Par Pacific Holdings, Inc. Common Stock",64.35,USD,0.24926000934724504,1127578,0.9065219573383152,3183443598,USD,7.2961,USD,,Energy minerals,Buy
SKYT,"SkyWater Technology, Inc.",31.82,USD,-5.241215008933883,2038728,0.6278414244017535,1564171039.0000002,USD,2.4317,USD,,Producer manufacturing,Neutral
NGL,NGL ENERGY PARTNERS LP,14.48,USD,0.4857737682165183,153541,0.3603863322047958,1792830794,USD,0.0387,USD,,Industrial services,Buy
CRGY,Crescent Energy Company,12.78,USD,0.392772977219159,3703954,1.0873011469277885,4190565345,USD,0.5237,USD,,Energy minerals,Strong buy
MRVL,"Marvell Technology, Inc.",158.21,USD,-3.7124946747002583,30281630,1.3810094944411182,138348045913,USD,3.091,USD,,Electronic technology,Strong buy
INDV,"Indivior Pharmaceuticals, Inc.",34.31,USD,3.250075233223008,2840105,0.49345020511364773,4183145980.9999995,USD,1.6604,USD,,Health technology,Strong buy
SSSS,SuRo Capital Corp.,13.22,USD,1.3803680981595208,159177,1.7129976196648982,335801870.00000006,USD,1.6352,USD,,Miscellaneous,Strong buy
TPC,Tutor Perini Corporation,87.5,USD,0.8529276164130876,387572,0.6150079092363556,4603786612,USD,1.5075,USD,,Industrial services,Strong buy
COHR,Coherent Corp.,321.53,USD,-4.3321729298699765,6217452,0.9790161537710805,62785169141.99999,USD,1.0104,USD,,Electronic technology,Buy
ATEX,Anterix Inc.,47.21,USD,4.516271861855212,295774,1.1205512576916241,884379681,USD,4.3471,USD,,Communications,Strong buy
GRC,Gorman-Rupp Company (The),75.96,USD,-1.0679864548059488,194587,2.059093008894104,1998723410,USD,,,,Producer manufacturing,Strong buy
VISN,"Vistance Networks, Inc.",19.53,USD,0.6701030927835184,5269520,0.8274496214228653,4403289813.000001,USD,5.9718,USD,,Electronic technology,Buy
FVR,"FrontView REIT, Inc.",17.36,USD,-1.9762845849802453,64208,0.5306814527094602,487466585,USD,-0.2248,USD,,Finance,Buy